code,country,year,KOFGI,KOFGIdf,KOFGIdj,KOFEcGI,KOFEcGIdf,KOFEcGIdj,KOFTrGI,KOFTrGIdf,KOFTrGIdj,KOFFiGI,KOFFiGIdf,KOFFiGIdj,KOFSoGI,KOFSoGIdf,KOFSoGIdj,KOFIpGI,KOFIpGIdf,KOFIpGIdj,KOFInGI,KOFInGIdf,KOFInGIdj,KOFCuGI,KOFCuGIdf,KOFCuGIdj,KOFPoGI,KOFPoGIdf,KOFPoGIdj
BRA,Brazil,1990,42.0,44.0,40.0,28.0,24.0,31.0,26.0,20.0,33.0,29.0,28.0,30.0,33.0,23.0,43.0,20.0,9.0,32.0,39.0,32.0,46.0,40.0,29.0,51.0,65.0,85.0,46.0
BRA,Brazil,1991,44.0,43.0,44.0,27.0,23.0,31.0,27.0,21.0,33.0,28.0,26.0,29.0,32.0,23.0,41.0,21.0,10.0,32.0,39.0,31.0,46.0,38.0,30.0,46.0,71.0,84.0,58.0
BRA,Brazil,1992,45.0,45.0,45.0,29.0,27.0,32.0,28.0,21.0,35.0,31.0,33.0,29.0,33.0,23.0,43.0,22.0,10.0,33.0,40.0,31.0,50.0,38.0,29.0,47.0,72.0,84.0,60.0
BRA,Brazil,1993,46.0,46.0,46.0,30.0,29.0,32.0,29.0,22.0,35.0,32.0,35.0,28.0,34.0,24.0,44.0,21.0,10.0,32.0,41.0,30.0,52.0,40.0,32.0,47.0,73.0,84.0,62.0
BRA,Brazil,1994,48.0,45.0,50.0,29.0,25.0,33.0,29.0,20.0,37.0,29.0,31.0,28.0,34.0,25.0,43.0,22.0,11.0,33.0,41.0,30.0,52.0,39.0,34.0,44.0,81.0,86.0,75.0
BRA,Brazil,1995,49.0,45.0,54.0,30.0,24.0,36.0,30.0,20.0,40.0,30.0,28.0,33.0,35.0,27.0,44.0,23.0,12.0,34.0,43.0,31.0,55.0,40.0,37.0,44.0,82.0,84.0,80.0
BRA,Brazil,1996,50.0,46.0,55.0,31.0,25.0,37.0,29.0,20.0,39.0,33.0,30.0,35.0,36.0,27.0,46.0,23.0,12.0,35.0,46.0,31.0,60.0,41.0,37.0,44.0,84.0,87.0,81.0
BRA,Brazil,1997,52.0,48.0,56.0,32.0,26.0,38.0,29.0,20.0,38.0,34.0,32.0,37.0,40.0,31.0,48.0,24.0,11.0,37.0,53.0,44.0,63.0,42.0,38.0,45.0,83.0,86.0,81.0
BRA,Brazil,1998,52.0,48.0,57.0,34.0,27.0,40.0,28.0,19.0,36.0,39.0,35.0,44.0,41.0,32.0,49.0,25.0,12.0,39.0,54.0,45.0,63.0,43.0,40.0,45.0,83.0,84.0,82.0
BRA,Brazil,1999,54.0,50.0,58.0,37.0,33.0,41.0,28.0,21.0,35.0,46.0,46.0,46.0,42.0,33.0,50.0,26.0,11.0,41.0,55.0,47.0,63.0,44.0,42.0,46.0,83.0,84.0,83.0
BRA,Brazil,2000,54.0,50.0,58.0,37.0,33.0,41.0,28.0,22.0,35.0,45.0,43.0,47.0,42.0,33.0,51.0,27.0,11.0,43.0,56.0,47.0,65.0,43.0,42.0,44.0,83.0,84.0,82.0
BRA,Brazil,2001,56.0,52.0,59.0,40.0,37.0,43.0,32.0,24.0,39.0,48.0,50.0,47.0,44.0,35.0,53.0,28.0,11.0,45.0,60.0,53.0,66.0,44.0,41.0,47.0,83.0,84.0,82.0
BRA,Brazil,2002,57.0,53.0,61.0,44.0,39.0,48.0,32.0,26.0,39.0,55.0,52.0,58.0,45.0,36.0,54.0,29.0,11.0,46.0,61.0,54.0,69.0,44.0,42.0,47.0,83.0,84.0,82.0
BRA,Brazil,2003,57.0,53.0,61.0,42.0,39.0,45.0,32.0,26.0,37.0,52.0,52.0,53.0,45.0,36.0,55.0,30.0,12.0,47.0,62.0,55.0,68.0,44.0,40.0,49.0,83.0,84.0,82.0
BRA,Brazil,2004,58.0,54.0,62.0,42.0,38.0,46.0,34.0,27.0,40.0,50.0,50.0,51.0,47.0,38.0,57.0,31.0,13.0,50.0,64.0,57.0,70.0,47.0,43.0,50.0,84.0,85.0,83.0
BRA,Brazil,2005,59.0,54.0,63.0,43.0,36.0,50.0,34.0,26.0,43.0,51.0,46.0,56.0,48.0,38.0,57.0,33.0,14.0,51.0,64.0,58.0,70.0,47.0,43.0,50.0,86.0,88.0,83.0
BRA,Brazil,2006,60.0,55.0,65.0,43.0,35.0,50.0,34.0,25.0,44.0,52.0,46.0,57.0,50.0,40.0,60.0,33.0,14.0,53.0,68.0,62.0,73.0,50.0,44.0,55.0,86.0,88.0,83.0
BRA,Brazil,2007,62.0,57.0,67.0,45.0,36.0,53.0,35.0,24.0,45.0,54.0,47.0,61.0,54.0,47.0,61.0,35.0,15.0,55.0,78.0,82.0,74.0,51.0,45.0,56.0,87.0,89.0,85.0
BRA,Brazil,2008,62.0,58.0,66.0,42.0,35.0,49.0,35.0,25.0,44.0,49.0,44.0,55.0,56.0,49.0,63.0,36.0,16.0,56.0,80.0,83.0,77.0,52.0,48.0,56.0,87.0,89.0,86.0
BRA,Brazil,2009,63.0,58.0,69.0,46.0,35.0,56.0,39.0,23.0,56.0,52.0,46.0,57.0,57.0,50.0,65.0,37.0,16.0,58.0,82.0,85.0,79.0,53.0,48.0,59.0,88.0,89.0,86.0
BRA,Brazil,2010,64.0,59.0,70.0,47.0,37.0,57.0,40.0,23.0,56.0,54.0,51.0,57.0,58.0,49.0,66.0,38.0,17.0,60.0,82.0,86.0,79.0,52.0,46.0,58.0,88.0,90.0,86.0
BRA,Brazil,2011,64.0,59.0,69.0,45.0,36.0,54.0,40.0,24.0,56.0,50.0,48.0,53.0,59.0,51.0,67.0,40.0,17.0,62.0,84.0,88.0,80.0,53.0,47.0,59.0,89.0,91.0,86.0
BRA,Brazil,2012,64.0,59.0,69.0,44.0,36.0,53.0,40.0,25.0,56.0,48.0,47.0,50.0,60.0,50.0,69.0,41.0,18.0,63.0,85.0,90.0,80.0,53.0,44.0,63.0,89.0,91.0,87.0
BRA,Brazil,2013,64.0,59.0,69.0,43.0,35.0,51.0,40.0,25.0,55.0,45.0,44.0,47.0,61.0,51.0,70.0,42.0,19.0,65.0,84.0,88.0,80.0,55.0,45.0,65.0,89.0,91.0,87.0
BRA,Brazil,2014,65.0,60.0,70.0,43.0,35.0,52.0,36.0,26.0,47.0,50.0,45.0,56.0,62.0,54.0,71.0,42.0,19.0,66.0,85.0,88.0,81.0,60.0,54.0,66.0,89.0,91.0,87.0
BRA,Brazil,2015,63.0,60.0,67.0,38.0,36.0,41.0,38.0,27.0,49.0,39.0,45.0,33.0,62.0,52.0,71.0,41.0,19.0,64.0,85.0,88.0,81.0,59.0,49.0,68.0,90.0,91.0,89.0
BRA,Brazil,2016,64.0,60.0,68.0,40.0,38.0,42.0,38.0,26.0,51.0,41.0,50.0,32.0,62.0,52.0,72.0,41.0,20.0,63.0,84.0,89.0,80.0,60.0,47.0,72.0,90.0,91.0,89.0
BRA,Brazil,2017,64.0,60.0,68.0,40.0,37.0,44.0,40.0,25.0,54.0,41.0,50.0,33.0,62.0,51.0,72.0,41.0,20.0,62.0,85.0,88.0,81.0,59.0,46.0,72.0,90.0,90.0,89.0
BRA,Brazil,2018,64.0,60.0,69.0,41.0,38.0,44.0,40.0,26.0,54.0,42.0,50.0,34.0,62.0,52.0,72.0,41.0,21.0,60.0,85.0,88.0,81.0,61.0,48.0,75.0,89.0,89.0,90.0
BRA,Brazil,2019,65.0,60.0,69.0,42.0,39.0,44.0,39.0,25.0,54.0,44.0,53.0,34.0,62.0,53.0,71.0,40.0,21.0,59.0,85.0,88.0,81.0,61.0,49.0,73.0,90.0,89.0,91.0
BRA,Brazil,2020,64.0,60.0,68.0,42.0,41.0,43.0,39.0,26.0,53.0,45.0,56.0,34.0,61.0,52.0,70.0,40.0,21.0,59.0,85.0,87.0,83.0,58.0,48.0,68.0,90.0,89.0,91.0
CHN,China,1990,36.0,40.0,33.0,27.0,20.0,34.0,28.0,19.0,36.0,26.0,22.0,31.0,16.0,15.0,17.0,10.0,9.0,11.0,14.0,14.0,15.0,23.0,21.0,25.0,66.0,84.0,48.0
CHN,China,1991,38.0,40.0,36.0,28.0,22.0,34.0,28.0,20.0,36.0,28.0,25.0,31.0,16.0,15.0,18.0,10.0,9.0,12.0,15.0,14.0,16.0,24.0,21.0,26.0,70.0,83.0,56.0
CHN,China,1992,39.0,41.0,38.0,30.0,25.0,34.0,30.0,25.0,36.0,29.0,26.0,31.0,17.0,15.0,19.0,11.0,9.0,13.0,15.0,14.0,17.0,24.0,22.0,27.0,72.0,84.0,60.0
CHN,China,1993,42.0,44.0,40.0,34.0,31.0,37.0,35.0,34.0,37.0,32.0,28.0,36.0,18.0,16.0,21.0,12.0,9.0,14.0,18.0,16.0,20.0,25.0,23.0,28.0,74.0,84.0,64.0
CHN,China,1994,43.0,44.0,42.0,34.0,31.0,37.0,35.0,33.0,37.0,33.0,29.0,37.0,20.0,18.0,22.0,13.0,9.0,16.0,21.0,20.0,21.0,27.0,24.0,29.0,74.0,83.0,66.0
CHN,China,1995,44.0,45.0,44.0,35.0,32.0,37.0,34.0,32.0,37.0,35.0,33.0,38.0,22.0,19.0,25.0,14.0,9.0,18.0,24.0,21.0,27.0,28.0,26.0,30.0,76.0,83.0,69.0
CHN,China,1996,45.0,45.0,45.0,35.0,31.0,38.0,34.0,29.0,38.0,36.0,34.0,37.0,23.0,19.0,27.0,15.0,10.0,20.0,26.0,22.0,30.0,29.0,26.0,32.0,77.0,83.0,71.0
CHN,China,1997,47.0,46.0,48.0,36.0,34.0,39.0,38.0,35.0,41.0,34.0,32.0,37.0,25.0,20.0,29.0,16.0,11.0,21.0,27.0,23.0,32.0,31.0,27.0,34.0,79.0,83.0,75.0
CHN,China,1998,49.0,49.0,49.0,37.0,34.0,39.0,38.0,34.0,42.0,35.0,35.0,36.0,31.0,29.0,33.0,17.0,10.0,23.0,36.0,32.0,40.0,41.0,45.0,37.0,79.0,83.0,75.0
CHN,China,1999,51.0,50.0,51.0,38.0,36.0,40.0,39.0,35.0,43.0,36.0,36.0,36.0,34.0,30.0,37.0,18.0,11.0,24.0,39.0,34.0,44.0,44.0,45.0,42.0,80.0,83.0,78.0
CHN,China,2000,52.0,51.0,53.0,40.0,39.0,40.0,43.0,40.0,47.0,36.0,38.0,34.0,36.0,31.0,41.0,21.0,12.0,29.0,42.0,36.0,48.0,46.0,46.0,45.0,81.0,83.0,79.0
CHN,China,2001,54.0,52.0,56.0,41.0,39.0,43.0,47.0,41.0,52.0,36.0,37.0,34.0,38.0,34.0,43.0,22.0,12.0,31.0,45.0,40.0,49.0,48.0,48.0,48.0,82.0,83.0,81.0
CHN,China,2002,55.0,53.0,57.0,42.0,39.0,46.0,46.0,44.0,49.0,39.0,34.0,43.0,40.0,36.0,44.0,22.0,14.0,30.0,48.0,43.0,52.0,50.0,52.0,48.0,82.0,83.0,81.0
CHN,China,2003,56.0,54.0,58.0,43.0,41.0,46.0,46.0,44.0,48.0,41.0,37.0,44.0,42.0,38.0,45.0,24.0,16.0,32.0,50.0,47.0,53.0,51.0,52.0,50.0,83.0,83.0,83.0
CHN,China,2004,58.0,57.0,60.0,46.0,43.0,50.0,52.0,50.0,54.0,41.0,36.0,46.0,44.0,42.0,46.0,26.0,17.0,36.0,53.0,52.0,53.0,53.0,57.0,49.0,85.0,85.0,85.0
CHN,China,2005,60.0,59.0,61.0,50.0,47.0,53.0,52.0,50.0,54.0,48.0,44.0,51.0,45.0,44.0,46.0,28.0,19.0,37.0,54.0,54.0,53.0,54.0,59.0,49.0,85.0,85.0,85.0
CHN,China,2006,61.0,60.0,62.0,50.0,48.0,53.0,53.0,50.0,56.0,48.0,46.0,49.0,46.0,45.0,47.0,28.0,19.0,38.0,55.0,57.0,54.0,54.0,59.0,49.0,87.0,86.0,88.0
CHN,China,2007,63.0,63.0,64.0,52.0,48.0,56.0,55.0,50.0,61.0,49.0,47.0,50.0,50.0,53.0,47.0,30.0,21.0,38.0,66.0,78.0,55.0,54.0,62.0,47.0,88.0,86.0,89.0
CHN,China,2008,62.0,62.0,62.0,47.0,45.0,48.0,52.0,46.0,59.0,41.0,45.0,38.0,51.0,55.0,47.0,31.0,23.0,39.0,68.0,79.0,57.0,55.0,64.0,46.0,88.0,87.0,89.0
CHN,China,2009,62.0,61.0,62.0,46.0,43.0,49.0,48.0,37.0,60.0,44.0,48.0,39.0,51.0,55.0,48.0,31.0,23.0,39.0,69.0,79.0,58.0,54.0,62.0,46.0,89.0,87.0,90.0
CHN,China,2010,62.0,63.0,62.0,47.0,45.0,48.0,43.0,40.0,47.0,50.0,50.0,50.0,52.0,56.0,48.0,31.0,23.0,40.0,70.0,81.0,60.0,54.0,63.0,46.0,89.0,87.0,90.0
CHN,China,2011,63.0,63.0,62.0,45.0,44.0,46.0,42.0,40.0,45.0,48.0,49.0,48.0,53.0,58.0,49.0,33.0,25.0,40.0,72.0,83.0,61.0,56.0,65.0,46.0,89.0,87.0,90.0
CHN,China,2012,63.0,63.0,62.0,45.0,43.0,46.0,42.0,38.0,45.0,47.0,47.0,47.0,54.0,59.0,50.0,33.0,26.0,41.0,73.0,84.0,62.0,57.0,67.0,48.0,89.0,87.0,90.0
CHN,China,2013,63.0,63.0,63.0,45.0,43.0,48.0,42.0,37.0,46.0,49.0,49.0,49.0,56.0,60.0,52.0,34.0,27.0,42.0,74.0,85.0,63.0,60.0,69.0,52.0,89.0,87.0,90.0
CHN,China,2014,64.0,64.0,64.0,46.0,43.0,50.0,43.0,37.0,49.0,49.0,48.0,50.0,57.0,61.0,53.0,34.0,26.0,42.0,74.0,86.0,63.0,62.0,70.0,54.0,89.0,88.0,89.0
CHN,China,2015,64.0,64.0,63.0,43.0,41.0,46.0,41.0,34.0,47.0,46.0,48.0,44.0,57.0,61.0,53.0,34.0,27.0,42.0,75.0,86.0,63.0,63.0,72.0,55.0,90.0,88.0,91.0
CHN,China,2016,64.0,63.0,64.0,44.0,40.0,47.0,40.0,32.0,49.0,47.0,48.0,46.0,58.0,62.0,54.0,34.0,26.0,42.0,76.0,88.0,64.0,64.0,72.0,55.0,90.0,88.0,91.0
CHN,China,2017,65.0,64.0,65.0,45.0,40.0,50.0,43.0,32.0,54.0,47.0,48.0,46.0,58.0,63.0,54.0,34.0,26.0,42.0,77.0,89.0,65.0,64.0,72.0,56.0,90.0,89.0,91.0
CHN,China,2018,65.0,63.0,66.0,45.0,39.0,51.0,44.0,32.0,56.0,46.0,46.0,46.0,59.0,62.0,55.0,34.0,25.0,43.0,78.0,89.0,66.0,65.0,73.0,56.0,90.0,89.0,91.0
CHN,China,2019,65.0,63.0,67.0,46.0,38.0,53.0,45.0,31.0,59.0,46.0,45.0,47.0,59.0,62.0,56.0,34.0,24.0,44.0,78.0,90.0,67.0,65.0,73.0,57.0,90.0,88.0,91.0
CHN,China,2020,65.0,63.0,67.0,46.0,38.0,53.0,45.0,29.0,60.0,47.0,47.0,47.0,59.0,62.0,56.0,32.0,21.0,43.0,79.0,90.0,68.0,65.0,73.0,57.0,90.0,89.0,91.0
DEU,Germany,1990,74.0,67.0,80.0,66.0,43.0,89.0,61.0,35.0,88.0,71.0,52.0,90.0,68.0,66.0,70.0,60.0,59.0,61.0,61.0,61.0,61.0,84.0,79.0,89.0,86.0,91.0,82.0
DEU,Germany,1991,76.0,67.0,85.0,66.0,44.0,89.0,60.0,33.0,88.0,72.0,55.0,90.0,70.0,67.0,73.0,61.0,60.0,61.0,65.0,61.0,69.0,85.0,80.0,89.0,92.0,91.0,92.0
DEU,Germany,1992,76.0,67.0,85.0,66.0,42.0,89.0,60.0,31.0,89.0,72.0,53.0,90.0,71.0,67.0,74.0,61.0,61.0,62.0,66.0,61.0,71.0,85.0,81.0,89.0,93.0,92.0,93.0
DEU,Germany,1993,77.0,69.0,86.0,66.0,43.0,90.0,61.0,31.0,90.0,72.0,54.0,90.0,69.0,67.0,71.0,61.0,61.0,61.0,66.0,60.0,71.0,82.0,81.0,82.0,96.0,95.0,96.0
DEU,Germany,1994,77.0,68.0,86.0,67.0,43.0,90.0,61.0,32.0,89.0,72.0,54.0,90.0,70.0,68.0,71.0,60.0,61.0,59.0,66.0,60.0,72.0,83.0,83.0,82.0,95.0,93.0,96.0
DEU,Germany,1995,77.0,69.0,86.0,67.0,44.0,90.0,61.0,33.0,89.0,73.0,55.0,90.0,70.0,69.0,71.0,61.0,62.0,60.0,66.0,61.0,71.0,83.0,84.0,82.0,94.0,92.0,96.0
DEU,Germany,1996,78.0,69.0,86.0,68.0,46.0,90.0,62.0,35.0,89.0,74.0,57.0,91.0,70.0,70.0,71.0,61.0,62.0,60.0,66.0,62.0,71.0,83.0,85.0,81.0,95.0,92.0,98.0
DEU,Germany,1997,79.0,71.0,87.0,72.0,51.0,92.0,66.0,39.0,92.0,77.0,63.0,92.0,71.0,70.0,73.0,61.0,62.0,60.0,70.0,63.0,78.0,83.0,85.0,81.0,95.0,93.0,97.0
DEU,Germany,1998,80.0,72.0,88.0,74.0,54.0,93.0,67.0,40.0,94.0,80.0,68.0,93.0,72.0,70.0,74.0,61.0,63.0,60.0,71.0,63.0,80.0,83.0,86.0,81.0,95.0,93.0,98.0
DEU,Germany,1999,81.0,74.0,89.0,75.0,57.0,94.0,69.0,42.0,95.0,82.0,72.0,93.0,73.0,71.0,75.0,63.0,64.0,62.0,72.0,62.0,83.0,84.0,87.0,81.0,95.0,93.0,97.0
DEU,Germany,2000,84.0,77.0,90.0,79.0,63.0,95.0,72.0,48.0,96.0,86.0,78.0,93.0,75.0,73.0,78.0,65.0,64.0,66.0,77.0,67.0,88.0,84.0,87.0,81.0,96.0,94.0,98.0
DEU,Germany,2001,84.0,77.0,90.0,79.0,64.0,94.0,72.0,49.0,94.0,86.0,78.0,93.0,76.0,74.0,79.0,66.0,65.0,67.0,79.0,69.0,88.0,85.0,88.0,82.0,96.0,94.0,98.0
DEU,Germany,2002,82.0,77.0,87.0,78.0,65.0,91.0,72.0,49.0,96.0,83.0,80.0,86.0,73.0,75.0,72.0,67.0,65.0,68.0,69.0,70.0,67.0,85.0,88.0,82.0,95.0,93.0,98.0
DEU,Germany,2003,84.0,78.0,91.0,78.0,65.0,92.0,73.0,49.0,97.0,84.0,81.0,86.0,79.0,76.0,81.0,68.0,67.0,69.0,79.0,71.0,87.0,89.0,90.0,88.0,96.0,94.0,99.0
DEU,Germany,2004,85.0,79.0,91.0,79.0,67.0,91.0,74.0,52.0,96.0,84.0,83.0,86.0,80.0,77.0,82.0,69.0,67.0,70.0,80.0,72.0,88.0,90.0,92.0,89.0,96.0,93.0,99.0
DEU,Germany,2005,86.0,80.0,91.0,80.0,70.0,91.0,75.0,56.0,94.0,85.0,84.0,87.0,81.0,79.0,83.0,71.0,70.0,71.0,81.0,73.0,89.0,92.0,93.0,90.0,96.0,93.0,99.0
DEU,Germany,2006,86.0,82.0,90.0,81.0,72.0,89.0,75.0,59.0,91.0,87.0,86.0,87.0,82.0,80.0,84.0,72.0,72.0,72.0,82.0,75.0,89.0,92.0,94.0,90.0,96.0,94.0,99.0
DEU,Germany,2007,88.0,85.0,90.0,81.0,74.0,88.0,75.0,59.0,91.0,86.0,88.0,85.0,85.0,86.0,84.0,73.0,74.0,73.0,90.0,91.0,89.0,92.0,93.0,90.0,98.0,96.0,100.0
DEU,Germany,2008,87.0,84.0,90.0,79.0,72.0,87.0,74.0,60.0,88.0,84.0,84.0,85.0,85.0,87.0,84.0,75.0,75.0,74.0,91.0,92.0,89.0,91.0,94.0,89.0,97.0,94.0,100.0
DEU,Germany,2009,87.0,84.0,90.0,78.0,70.0,86.0,73.0,56.0,89.0,83.0,84.0,83.0,86.0,87.0,85.0,75.0,76.0,74.0,91.0,92.0,90.0,91.0,93.0,90.0,97.0,93.0,100.0
DEU,Germany,2010,87.0,84.0,89.0,78.0,72.0,83.0,75.0,61.0,89.0,80.0,84.0,77.0,86.0,88.0,85.0,77.0,77.0,76.0,91.0,93.0,90.0,92.0,93.0,90.0,96.0,93.0,100.0
DEU,Germany,2011,87.0,85.0,89.0,78.0,73.0,83.0,76.0,63.0,88.0,80.0,83.0,78.0,87.0,88.0,85.0,77.0,78.0,77.0,91.0,93.0,90.0,92.0,93.0,90.0,97.0,93.0,100.0
DEU,Germany,2012,87.0,85.0,89.0,78.0,74.0,82.0,75.0,64.0,87.0,81.0,84.0,78.0,87.0,88.0,86.0,78.0,78.0,77.0,92.0,94.0,90.0,92.0,93.0,92.0,97.0,94.0,100.0
DEU,Germany,2013,87.0,85.0,89.0,78.0,74.0,82.0,75.0,64.0,87.0,81.0,84.0,78.0,87.0,89.0,86.0,79.0,80.0,78.0,91.0,93.0,90.0,92.0,93.0,91.0,97.0,94.0,100.0
DEU,Germany,2014,88.0,85.0,90.0,79.0,74.0,85.0,77.0,64.0,90.0,81.0,83.0,80.0,88.0,89.0,86.0,78.0,79.0,77.0,92.0,94.0,90.0,92.0,92.0,92.0,97.0,94.0,99.0
DEU,Germany,2015,88.0,86.0,90.0,79.0,75.0,83.0,78.0,67.0,89.0,81.0,84.0,77.0,88.0,89.0,86.0,78.0,79.0,76.0,92.0,95.0,90.0,93.0,92.0,93.0,97.0,94.0,100.0
DEU,Germany,2016,88.0,86.0,91.0,80.0,75.0,85.0,78.0,66.0,91.0,82.0,84.0,80.0,88.0,89.0,87.0,78.0,79.0,77.0,92.0,95.0,88.0,94.0,92.0,95.0,97.0,95.0,100.0
DEU,Germany,2017,89.0,87.0,91.0,81.0,76.0,86.0,79.0,67.0,91.0,82.0,85.0,80.0,88.0,89.0,87.0,77.0,78.0,76.0,92.0,95.0,88.0,95.0,94.0,95.0,98.0,96.0,100.0
DEU,Germany,2018,89.0,87.0,91.0,81.0,76.0,85.0,79.0,68.0,90.0,82.0,85.0,80.0,88.0,89.0,87.0,77.0,79.0,75.0,92.0,95.0,89.0,95.0,93.0,97.0,98.0,96.0,100.0
DEU,Germany,2019,89.0,87.0,91.0,81.0,76.0,85.0,79.0,68.0,91.0,83.0,85.0,80.0,88.0,89.0,87.0,76.0,77.0,76.0,92.0,95.0,89.0,95.0,94.0,97.0,97.0,95.0,100.0
DEU,Germany,2020,88.0,86.0,91.0,80.0,75.0,85.0,77.0,64.0,91.0,83.0,85.0,80.0,88.0,88.0,87.0,76.0,77.0,74.0,92.0,95.0,89.0,95.0,94.0,97.0,98.0,96.0,100.0
FRA,France,1990,73.0,69.0,77.0,64.0,47.0,81.0,58.0,33.0,83.0,70.0,61.0,79.0,65.0,66.0,65.0,60.0,59.0,61.0,61.0,60.0,62.0,75.0,79.0,71.0,90.0,93.0,86.0
FRA,France,1991,75.0,70.0,81.0,65.0,49.0,82.0,58.0,34.0,83.0,72.0,65.0,80.0,66.0,66.0,66.0,61.0,59.0,62.0,63.0,60.0,66.0,76.0,80.0,71.0,94.0,95.0,94.0
FRA,France,1992,77.0,71.0,82.0,67.0,50.0,84.0,60.0,34.0,87.0,73.0,66.0,80.0,67.0,67.0,67.0,61.0,59.0,63.0,63.0,60.0,67.0,76.0,81.0,71.0,96.0,98.0,95.0
FRA,France,1993,78.0,73.0,83.0,70.0,53.0,86.0,61.0,35.0,88.0,78.0,71.0,85.0,67.0,66.0,68.0,60.0,58.0,62.0,64.0,59.0,68.0,76.0,81.0,72.0,97.0,99.0,96.0
FRA,France,1994,77.0,71.0,84.0,66.0,46.0,86.0,59.0,32.0,85.0,73.0,60.0,86.0,68.0,67.0,69.0,61.0,59.0,63.0,66.0,60.0,73.0,76.0,82.0,70.0,98.0,99.0,97.0
FRA,France,1995,77.0,71.0,84.0,66.0,47.0,86.0,59.0,33.0,85.0,73.0,60.0,86.0,68.0,68.0,68.0,62.0,59.0,64.0,65.0,60.0,70.0,77.0,83.0,71.0,98.0,99.0,97.0
FRA,France,1996,78.0,72.0,84.0,67.0,47.0,86.0,60.0,34.0,85.0,74.0,61.0,88.0,71.0,73.0,69.0,69.0,75.0,64.0,65.0,60.0,70.0,78.0,85.0,72.0,97.0,95.0,98.0
FRA,France,1997,80.0,73.0,86.0,70.0,52.0,89.0,63.0,37.0,89.0,78.0,68.0,88.0,72.0,73.0,70.0,70.0,75.0,65.0,66.0,60.0,72.0,79.0,85.0,74.0,96.0,95.0,98.0
FRA,France,1998,80.0,73.0,86.0,72.0,55.0,90.0,64.0,38.0,91.0,81.0,73.0,89.0,70.0,68.0,71.0,63.0,60.0,66.0,67.0,60.0,74.0,80.0,86.0,74.0,97.0,95.0,98.0
FRA,France,1999,80.0,73.0,87.0,74.0,57.0,91.0,67.0,42.0,92.0,81.0,72.0,90.0,70.0,68.0,72.0,64.0,59.0,69.0,66.0,59.0,74.0,81.0,87.0,74.0,97.0,95.0,98.0
FRA,France,2000,82.0,75.0,88.0,77.0,61.0,92.0,69.0,46.0,93.0,84.0,77.0,91.0,72.0,70.0,74.0,65.0,59.0,72.0,70.0,64.0,76.0,81.0,88.0,75.0,97.0,95.0,98.0
FRA,France,2001,82.0,76.0,88.0,76.0,62.0,91.0,68.0,46.0,90.0,85.0,78.0,91.0,74.0,71.0,76.0,66.0,59.0,73.0,74.0,67.0,81.0,82.0,88.0,76.0,97.0,95.0,98.0
FRA,France,2002,82.0,75.0,88.0,75.0,61.0,88.0,68.0,44.0,92.0,81.0,79.0,84.0,75.0,72.0,78.0,67.0,60.0,74.0,75.0,66.0,84.0,83.0,89.0,76.0,96.0,93.0,99.0
FRA,France,2003,82.0,76.0,89.0,74.0,61.0,88.0,68.0,41.0,95.0,81.0,81.0,81.0,76.0,73.0,80.0,68.0,62.0,74.0,75.0,66.0,84.0,86.0,90.0,82.0,96.0,94.0,99.0
FRA,France,2004,84.0,78.0,89.0,75.0,62.0,87.0,67.0,41.0,93.0,82.0,83.0,82.0,80.0,79.0,81.0,76.0,78.0,75.0,75.0,66.0,84.0,88.0,92.0,84.0,97.0,94.0,99.0
FRA,France,2005,84.0,79.0,88.0,75.0,64.0,85.0,67.0,43.0,90.0,83.0,86.0,80.0,80.0,79.0,80.0,77.0,78.0,75.0,76.0,66.0,86.0,86.0,92.0,81.0,97.0,95.0,99.0
FRA,France,2006,85.0,81.0,88.0,76.0,66.0,85.0,66.0,44.0,89.0,85.0,88.0,82.0,81.0,80.0,81.0,78.0,80.0,76.0,78.0,69.0,86.0,86.0,92.0,81.0,97.0,96.0,99.0
FRA,France,2007,86.0,83.0,89.0,76.0,66.0,86.0,67.0,44.0,90.0,86.0,89.0,83.0,84.0,86.0,83.0,80.0,82.0,77.0,86.0,83.0,89.0,87.0,92.0,82.0,98.0,97.0,99.0
FRA,France,2008,86.0,83.0,89.0,75.0,66.0,84.0,67.0,46.0,88.0,83.0,86.0,80.0,85.0,86.0,83.0,80.0,82.0,78.0,86.0,83.0,89.0,87.0,94.0,81.0,98.0,97.0,99.0
FRA,France,2009,86.0,82.0,89.0,74.0,63.0,85.0,65.0,41.0,89.0,84.0,86.0,81.0,85.0,86.0,84.0,81.0,83.0,78.0,87.0,84.0,91.0,87.0,93.0,82.0,98.0,97.0,99.0
FRA,France,2010,86.0,83.0,90.0,76.0,66.0,86.0,67.0,45.0,89.0,84.0,86.0,82.0,86.0,87.0,84.0,81.0,83.0,79.0,88.0,86.0,91.0,87.0,93.0,82.0,98.0,97.0,99.0
FRA,France,2011,87.0,84.0,89.0,75.0,67.0,84.0,68.0,48.0,87.0,82.0,85.0,80.0,87.0,88.0,85.0,82.0,84.0,80.0,89.0,87.0,91.0,89.0,93.0,85.0,98.0,96.0,99.0
FRA,France,2012,87.0,84.0,90.0,75.0,68.0,83.0,69.0,50.0,87.0,82.0,86.0,78.0,88.0,88.0,87.0,83.0,84.0,81.0,90.0,88.0,91.0,90.0,93.0,88.0,98.0,96.0,99.0
FRA,France,2013,87.0,84.0,89.0,75.0,68.0,82.0,68.0,50.0,86.0,82.0,86.0,78.0,88.0,89.0,87.0,83.0,84.0,82.0,90.0,88.0,92.0,91.0,94.0,87.0,98.0,96.0,99.0
FRA,France,2014,88.0,84.0,91.0,78.0,68.0,87.0,72.0,52.0,92.0,83.0,85.0,82.0,88.0,89.0,87.0,83.0,85.0,82.0,90.0,87.0,92.0,91.0,94.0,87.0,98.0,96.0,100.0
FRA,France,2015,88.0,85.0,90.0,77.0,70.0,85.0,71.0,53.0,89.0,83.0,86.0,80.0,88.0,88.0,87.0,83.0,85.0,82.0,89.0,87.0,91.0,90.0,94.0,87.0,98.0,96.0,100.0
FRA,France,2016,88.0,85.0,91.0,78.0,70.0,86.0,71.0,53.0,89.0,84.0,86.0,82.0,88.0,88.0,87.0,83.0,85.0,82.0,88.0,87.0,90.0,91.0,94.0,88.0,98.0,96.0,100.0
FRA,France,2017,87.0,85.0,90.0,78.0,71.0,86.0,72.0,54.0,90.0,85.0,88.0,82.0,87.0,88.0,85.0,83.0,85.0,82.0,88.0,85.0,91.0,88.0,94.0,82.0,98.0,96.0,100.0
FRA,France,2018,88.0,85.0,90.0,79.0,71.0,86.0,73.0,55.0,90.0,85.0,88.0,82.0,87.0,88.0,85.0,83.0,84.0,82.0,89.0,86.0,91.0,89.0,95.0,83.0,98.0,96.0,100.0
FRA,France,2019,88.0,85.0,91.0,79.0,72.0,87.0,73.0,55.0,91.0,86.0,89.0,82.0,86.0,88.0,85.0,82.0,84.0,81.0,88.0,85.0,92.0,89.0,95.0,83.0,98.0,96.0,100.0
FRA,France,2020,87.0,84.0,90.0,77.0,69.0,85.0,69.0,49.0,89.0,85.0,88.0,82.0,86.0,87.0,85.0,81.0,82.0,80.0,88.0,84.0,92.0,89.0,94.0,83.0,98.0,96.0,100.0
HKG,"Hong Kong SAR, China",1990,56.0,68.0,44.0,78.0,90.0,67.0,79.0,86.0,72.0,78.0,94.0,61.0,73.0,81.0,63.0,73.0,88.0,58.0,65.0,69.0,62.0,81.0,88.0,71.0,18.0,31.0,4.0
HKG,"Hong Kong SAR, China",1991,56.0,68.0,44.0,78.0,90.0,67.0,79.0,86.0,72.0,78.0,95.0,61.0,73.0,82.0,64.0,73.0,88.0,59.0,65.0,69.0,62.0,83.0,88.0,74.0,18.0,31.0,5.0
HKG,"Hong Kong SAR, China",1992,58.0,67.0,48.0,78.0,90.0,66.0,78.0,85.0,72.0,78.0,95.0,61.0,75.0,82.0,67.0,74.0,88.0,60.0,68.0,69.0,67.0,83.0,89.0,76.0,22.0,30.0,13.0
HKG,"Hong Kong SAR, China",1993,59.0,67.0,51.0,81.0,90.0,72.0,78.0,84.0,71.0,84.0,95.0,72.0,75.0,82.0,67.0,74.0,88.0,60.0,68.0,69.0,68.0,84.0,89.0,77.0,23.0,30.0,15.0
HKG,"Hong Kong SAR, China",1994,61.0,67.0,54.0,82.0,90.0,74.0,78.0,84.0,71.0,86.0,95.0,77.0,76.0,82.0,69.0,74.0,88.0,61.0,70.0,69.0,70.0,85.0,89.0,78.0,25.0,30.0,20.0
HKG,"Hong Kong SAR, China",1995,61.0,67.0,55.0,83.0,90.0,75.0,78.0,85.0,71.0,87.0,96.0,78.0,77.0,82.0,71.0,75.0,88.0,61.0,72.0,70.0,74.0,86.0,90.0,79.0,25.0,29.0,21.0
HKG,"Hong Kong SAR, China",1996,62.0,67.0,56.0,83.0,90.0,75.0,78.0,85.0,72.0,87.0,96.0,79.0,77.0,82.0,70.0,75.0,88.0,62.0,72.0,69.0,76.0,83.0,90.0,73.0,26.0,29.0,23.0
HKG,"Hong Kong SAR, China",1997,62.0,67.0,57.0,84.0,90.0,77.0,78.0,84.0,72.0,89.0,96.0,82.0,76.0,83.0,69.0,76.0,88.0,64.0,71.0,70.0,71.0,83.0,91.0,73.0,27.0,29.0,25.0
HKG,"Hong Kong SAR, China",1998,62.0,67.0,57.0,84.0,89.0,78.0,78.0,83.0,72.0,90.0,96.0,84.0,77.0,84.0,70.0,77.0,88.0,66.0,72.0,73.0,72.0,83.0,91.0,73.0,27.0,29.0,25.0
HKG,"Hong Kong SAR, China",1999,63.0,68.0,58.0,84.0,90.0,78.0,78.0,83.0,73.0,91.0,97.0,84.0,79.0,84.0,72.0,78.0,88.0,68.0,75.0,74.0,76.0,84.0,91.0,73.0,27.0,29.0,25.0
HKG,"Hong Kong SAR, China",2000,63.0,68.0,59.0,84.0,90.0,79.0,78.0,83.0,73.0,91.0,97.0,85.0,80.0,85.0,74.0,78.0,86.0,70.0,78.0,78.0,78.0,84.0,92.0,73.0,27.0,29.0,25.0
HKG,"Hong Kong SAR, China",2001,64.0,68.0,60.0,84.0,90.0,79.0,78.0,83.0,73.0,91.0,97.0,85.0,81.0,86.0,76.0,79.0,87.0,71.0,80.0,79.0,82.0,85.0,93.0,75.0,27.0,28.0,25.0
HKG,"Hong Kong SAR, China",2002,64.0,68.0,60.0,83.0,89.0,78.0,78.0,82.0,73.0,89.0,96.0,82.0,83.0,88.0,77.0,80.0,88.0,72.0,81.0,80.0,83.0,87.0,94.0,77.0,27.0,28.0,26.0
HKG,"Hong Kong SAR, China",2003,65.0,68.0,61.0,84.0,89.0,79.0,78.0,82.0,74.0,90.0,96.0,84.0,84.0,88.0,79.0,81.0,88.0,74.0,83.0,81.0,85.0,88.0,94.0,79.0,27.0,28.0,26.0
HKG,"Hong Kong SAR, China",2004,65.0,69.0,61.0,84.0,90.0,78.0,77.0,83.0,72.0,90.0,97.0,84.0,85.0,89.0,81.0,82.0,88.0,75.0,84.0,82.0,87.0,90.0,96.0,81.0,27.0,28.0,26.0
HKG,"Hong Kong SAR, China",2005,66.0,70.0,61.0,84.0,90.0,78.0,78.0,83.0,74.0,90.0,98.0,83.0,86.0,90.0,81.0,82.0,89.0,75.0,85.0,84.0,87.0,90.0,96.0,82.0,28.0,29.0,27.0
HKG,"Hong Kong SAR, China",2006,66.0,70.0,62.0,85.0,91.0,79.0,79.0,83.0,75.0,90.0,98.0,83.0,87.0,91.0,82.0,82.0,89.0,75.0,88.0,88.0,87.0,91.0,97.0,83.0,28.0,29.0,27.0
HKG,"Hong Kong SAR, China",2007,67.0,71.0,62.0,85.0,91.0,80.0,79.0,83.0,76.0,91.0,98.0,85.0,89.0,95.0,82.0,83.0,90.0,76.0,93.0,99.0,87.0,91.0,97.0,83.0,28.0,29.0,27.0
HKG,"Hong Kong SAR, China",2008,67.0,72.0,62.0,85.0,91.0,80.0,80.0,84.0,76.0,91.0,98.0,84.0,89.0,95.0,82.0,83.0,90.0,76.0,93.0,99.0,87.0,92.0,97.0,83.0,28.0,29.0,27.0
HKG,"Hong Kong SAR, China",2009,67.0,71.0,62.0,85.0,90.0,79.0,80.0,83.0,76.0,90.0,98.0,82.0,89.0,95.0,82.0,83.0,89.0,76.0,93.0,98.0,87.0,92.0,97.0,85.0,28.0,29.0,27.0
HKG,"Hong Kong SAR, China",2010,67.0,72.0,62.0,84.0,91.0,77.0,79.0,83.0,76.0,88.0,98.0,79.0,89.0,95.0,82.0,83.0,90.0,76.0,93.0,98.0,87.0,92.0,97.0,85.0,28.0,29.0,27.0
HKG,"Hong Kong SAR, China",2011,67.0,72.0,62.0,84.0,90.0,78.0,79.0,83.0,76.0,89.0,98.0,79.0,90.0,96.0,83.0,84.0,92.0,76.0,93.0,98.0,87.0,93.0,97.0,86.0,28.0,29.0,27.0
HKG,"Hong Kong SAR, China",2012,67.0,72.0,62.0,84.0,90.0,78.0,79.0,82.0,76.0,89.0,98.0,80.0,90.0,96.0,83.0,84.0,92.0,76.0,93.0,98.0,88.0,93.0,97.0,86.0,28.0,29.0,27.0
HKG,"Hong Kong SAR, China",2013,67.0,71.0,62.0,84.0,90.0,78.0,79.0,82.0,75.0,89.0,98.0,81.0,90.0,96.0,83.0,85.0,93.0,76.0,93.0,98.0,87.0,92.0,96.0,86.0,28.0,29.0,28.0
HKG,"Hong Kong SAR, China",2014,68.0,72.0,63.0,85.0,90.0,81.0,80.0,82.0,77.0,91.0,98.0,84.0,90.0,96.0,84.0,84.0,93.0,76.0,93.0,98.0,88.0,93.0,96.0,89.0,29.0,30.0,28.0
HKG,"Hong Kong SAR, China",2015,67.0,71.0,63.0,84.0,89.0,79.0,78.0,80.0,76.0,90.0,98.0,82.0,90.0,96.0,84.0,85.0,93.0,76.0,93.0,97.0,88.0,94.0,96.0,91.0,29.0,30.0,28.0
HKG,"Hong Kong SAR, China",2016,66.0,69.0,63.0,84.0,89.0,79.0,79.0,81.0,77.0,90.0,98.0,81.0,87.0,89.0,85.0,84.0,93.0,76.0,93.0,98.0,89.0,83.0,78.0,92.0,29.0,30.0,29.0
HKG,"Hong Kong SAR, China",2017,67.0,70.0,63.0,84.0,89.0,79.0,79.0,81.0,77.0,90.0,98.0,82.0,87.0,90.0,85.0,84.0,93.0,75.0,94.0,100.0,88.0,84.0,77.0,93.0,29.0,30.0,29.0
HKG,"Hong Kong SAR, China",2018,68.0,72.0,63.0,84.0,89.0,79.0,79.0,81.0,77.0,90.0,98.0,82.0,91.0,96.0,85.0,83.0,92.0,75.0,95.0,100.0,89.0,95.0,96.0,94.0,29.0,30.0,29.0
HKG,"Hong Kong SAR, China",2019,68.0,72.0,64.0,85.0,89.0,80.0,79.0,81.0,78.0,90.0,98.0,82.0,91.0,96.0,85.0,83.0,91.0,75.0,95.0,100.0,89.0,96.0,97.0,94.0,29.0,30.0,29.0
HKG,"Hong Kong SAR, China",2020,67.0,71.0,64.0,84.0,87.0,80.0,77.0,77.0,78.0,90.0,98.0,82.0,90.0,95.0,85.0,81.0,87.0,75.0,95.0,100.0,90.0,96.0,97.0,94.0,30.0,30.0,29.0
IND,India,1990,32.0,37.0,27.0,15.0,17.0,12.0,18.0,21.0,16.0,11.0,14.0,8.0,16.0,11.0,22.0,10.0,9.0,11.0,20.0,17.0,23.0,19.0,6.0,32.0,65.0,84.0,46.0
IND,India,1991,33.0,38.0,28.0,16.0,19.0,13.0,19.0,22.0,17.0,13.0,17.0,8.0,17.0,11.0,23.0,10.0,9.0,12.0,20.0,17.0,24.0,19.0,6.0,33.0,66.0,84.0,48.0
IND,India,1992,33.0,39.0,28.0,16.0,19.0,13.0,19.0,22.0,17.0,13.0,17.0,8.0,16.0,11.0,22.0,11.0,9.0,12.0,21.0,17.0,25.0,18.0,7.0,29.0,68.0,86.0,50.0
IND,India,1993,35.0,40.0,30.0,17.0,21.0,13.0,20.0,22.0,17.0,14.0,19.0,8.0,17.0,11.0,23.0,11.0,9.0,13.0,22.0,17.0,27.0,18.0,7.0,30.0,70.0,87.0,54.0
IND,India,1994,38.0,40.0,35.0,19.0,22.0,16.0,20.0,23.0,17.0,17.0,20.0,14.0,18.0,12.0,24.0,12.0,10.0,14.0,23.0,17.0,29.0,19.0,8.0,30.0,77.0,88.0,66.0
IND,India,1995,39.0,40.0,39.0,20.0,22.0,18.0,20.0,24.0,16.0,20.0,20.0,19.0,19.0,13.0,26.0,12.0,10.0,14.0,26.0,19.0,32.0,20.0,9.0,31.0,79.0,86.0,73.0
IND,India,1996,41.0,42.0,41.0,21.0,22.0,20.0,20.0,24.0,16.0,22.0,20.0,24.0,23.0,18.0,27.0,12.0,10.0,15.0,28.0,21.0,35.0,27.0,23.0,32.0,81.0,86.0,75.0
IND,India,1997,43.0,43.0,43.0,22.0,23.0,22.0,21.0,25.0,18.0,23.0,21.0,26.0,24.0,20.0,29.0,13.0,11.0,16.0,31.0,24.0,38.0,28.0,24.0,33.0,82.0,85.0,79.0
IND,India,1998,44.0,43.0,44.0,24.0,24.0,23.0,22.0,26.0,19.0,25.0,22.0,28.0,25.0,20.0,31.0,13.0,10.0,16.0,33.0,25.0,42.0,29.0,24.0,34.0,82.0,85.0,79.0
IND,India,1999,45.0,43.0,46.0,24.0,25.0,24.0,23.0,28.0,19.0,25.0,23.0,28.0,26.0,19.0,33.0,14.0,10.0,17.0,33.0,22.0,44.0,32.0,25.0,38.0,84.0,85.0,82.0
IND,India,2000,46.0,45.0,47.0,26.0,28.0,25.0,26.0,30.0,21.0,27.0,25.0,28.0,28.0,21.0,34.0,14.0,11.0,18.0,36.0,27.0,44.0,33.0,26.0,39.0,85.0,87.0,83.0
IND,India,2001,49.0,46.0,51.0,31.0,29.0,33.0,34.0,31.0,38.0,28.0,27.0,29.0,29.0,22.0,35.0,15.0,11.0,19.0,38.0,30.0,45.0,33.0,26.0,40.0,86.0,87.0,85.0
IND,India,2002,51.0,46.0,55.0,37.0,30.0,45.0,35.0,32.0,38.0,40.0,28.0,52.0,29.0,23.0,36.0,16.0,11.0,20.0,39.0,31.0,47.0,33.0,26.0,41.0,86.0,86.0,85.0
IND,India,2003,52.0,47.0,57.0,38.0,30.0,46.0,36.0,33.0,40.0,40.0,28.0,53.0,32.0,24.0,40.0,17.0,12.0,22.0,39.0,32.0,47.0,40.0,27.0,52.0,87.0,87.0,86.0
IND,India,2004,53.0,50.0,57.0,38.0,33.0,44.0,35.0,37.0,33.0,42.0,29.0,55.0,35.0,29.0,42.0,18.0,12.0,23.0,44.0,39.0,50.0,44.0,35.0,53.0,86.0,88.0,85.0
IND,India,2005,55.0,52.0,59.0,42.0,36.0,47.0,41.0,42.0,39.0,43.0,31.0,55.0,37.0,31.0,44.0,19.0,14.0,25.0,47.0,42.0,52.0,46.0,38.0,54.0,87.0,89.0,86.0
IND,India,2006,57.0,54.0,60.0,44.0,40.0,48.0,45.0,46.0,43.0,43.0,33.0,53.0,39.0,33.0,45.0,21.0,14.0,27.0,48.0,44.0,52.0,47.0,40.0,55.0,89.0,89.0,88.0
IND,India,2007,58.0,55.0,62.0,44.0,39.0,50.0,45.0,44.0,46.0,44.0,35.0,53.0,40.0,35.0,46.0,22.0,16.0,28.0,50.0,46.0,53.0,49.0,42.0,56.0,90.0,90.0,90.0
IND,India,2008,59.0,57.0,62.0,46.0,45.0,47.0,49.0,51.0,46.0,43.0,39.0,47.0,43.0,36.0,49.0,24.0,18.0,30.0,51.0,49.0,54.0,53.0,42.0,64.0,90.0,90.0,89.0
IND,India,2009,60.0,58.0,62.0,43.0,39.0,46.0,43.0,39.0,47.0,42.0,39.0,44.0,47.0,43.0,51.0,26.0,19.0,33.0,61.0,69.0,54.0,54.0,42.0,65.0,90.0,90.0,90.0
IND,India,2010,61.0,58.0,64.0,44.0,40.0,48.0,46.0,42.0,50.0,42.0,37.0,47.0,48.0,44.0,52.0,28.0,20.0,35.0,64.0,72.0,56.0,53.0,40.0,65.0,91.0,91.0,91.0
IND,India,2011,62.0,59.0,64.0,44.0,41.0,48.0,48.0,47.0,49.0,41.0,36.0,46.0,49.0,46.0,52.0,29.0,23.0,36.0,65.0,73.0,56.0,53.0,42.0,65.0,91.0,91.0,92.0
IND,India,2012,62.0,60.0,63.0,44.0,43.0,46.0,48.0,48.0,48.0,41.0,38.0,44.0,50.0,47.0,53.0,30.0,24.0,37.0,65.0,74.0,56.0,55.0,44.0,65.0,91.0,91.0,92.0
IND,India,2013,62.0,60.0,63.0,44.0,43.0,45.0,48.0,48.0,48.0,40.0,38.0,42.0,50.0,48.0,53.0,30.0,24.0,37.0,66.0,76.0,56.0,55.0,43.0,67.0,91.0,91.0,92.0
IND,India,2014,62.0,60.0,63.0,43.0,42.0,45.0,42.0,45.0,38.0,45.0,39.0,51.0,51.0,48.0,53.0,31.0,25.0,37.0,66.0,76.0,56.0,55.0,43.0,67.0,91.0,91.0,91.0
IND,India,2015,61.0,60.0,62.0,40.0,40.0,40.0,39.0,41.0,36.0,42.0,39.0,45.0,51.0,48.0,53.0,31.0,26.0,37.0,66.0,76.0,56.0,54.0,42.0,67.0,92.0,91.0,92.0
IND,India,2016,61.0,59.0,62.0,39.0,38.0,40.0,38.0,39.0,37.0,41.0,38.0,44.0,51.0,49.0,54.0,32.0,26.0,38.0,67.0,78.0,56.0,55.0,43.0,67.0,92.0,90.0,93.0
IND,India,2017,61.0,59.0,64.0,41.0,38.0,45.0,44.0,39.0,49.0,38.0,36.0,40.0,51.0,49.0,53.0,32.0,26.0,37.0,67.0,78.0,55.0,55.0,44.0,67.0,92.0,90.0,93.0
IND,India,2018,63.0,62.0,64.0,43.0,40.0,46.0,47.0,42.0,52.0,38.0,37.0,39.0,55.0,56.0,53.0,32.0,26.0,37.0,68.0,81.0,56.0,64.0,62.0,67.0,92.0,90.0,93.0
IND,India,2019,63.0,62.0,64.0,42.0,39.0,45.0,46.0,41.0,52.0,37.0,37.0,38.0,55.0,56.0,53.0,31.0,25.0,37.0,70.0,81.0,58.0,64.0,62.0,65.0,92.0,90.0,93.0
IND,India,2020,63.0,62.0,64.0,42.0,39.0,45.0,46.0,38.0,53.0,39.0,39.0,38.0,54.0,56.0,52.0,31.0,25.0,37.0,70.0,81.0,60.0,62.0,63.0,60.0,92.0,91.0,93.0
JPN,Japan,1990,55.0,51.0,60.0,43.0,31.0,55.0,33.0,22.0,45.0,53.0,41.0,65.0,59.0,51.0,67.0,53.0,51.0,54.0,50.0,45.0,55.0,73.0,56.0,91.0,65.0,72.0,58.0
JPN,Japan,1991,57.0,51.0,62.0,43.0,30.0,55.0,33.0,21.0,45.0,52.0,40.0,65.0,59.0,50.0,67.0,53.0,51.0,55.0,50.0,45.0,56.0,73.0,56.0,91.0,68.0,71.0,65.0
JPN,Japan,1992,60.0,56.0,64.0,42.0,30.0,55.0,33.0,22.0,45.0,51.0,38.0,65.0,59.0,51.0,67.0,53.0,51.0,55.0,52.0,45.0,59.0,71.0,56.0,87.0,79.0,88.0,69.0
JPN,Japan,1993,60.0,56.0,64.0,43.0,29.0,56.0,33.0,21.0,46.0,52.0,37.0,66.0,59.0,51.0,68.0,53.0,51.0,54.0,54.0,45.0,63.0,72.0,56.0,87.0,80.0,90.0,69.0
JPN,Japan,1994,61.0,56.0,65.0,42.0,29.0,56.0,33.0,21.0,45.0,52.0,37.0,67.0,60.0,52.0,68.0,53.0,51.0,54.0,56.0,49.0,64.0,72.0,57.0,87.0,79.0,88.0,70.0
JPN,Japan,1995,58.0,50.0,65.0,42.0,29.0,56.0,34.0,21.0,46.0,51.0,36.0,66.0,61.0,53.0,69.0,53.0,51.0,55.0,58.0,51.0,66.0,73.0,59.0,87.0,70.0,69.0,71.0
JPN,Japan,1996,62.0,57.0,66.0,44.0,30.0,58.0,35.0,22.0,47.0,54.0,39.0,68.0,63.0,54.0,71.0,54.0,52.0,57.0,60.0,52.0,68.0,73.0,60.0,87.0,79.0,87.0,71.0
JPN,Japan,1997,64.0,58.0,69.0,46.0,32.0,61.0,37.0,23.0,51.0,56.0,41.0,71.0,64.0,56.0,72.0,55.0,52.0,58.0,63.0,56.0,70.0,74.0,61.0,87.0,80.0,87.0,73.0
JPN,Japan,1998,65.0,59.0,72.0,48.0,32.0,64.0,38.0,22.0,54.0,58.0,42.0,74.0,67.0,57.0,77.0,55.0,51.0,59.0,70.0,57.0,84.0,75.0,62.0,87.0,81.0,87.0,76.0
JPN,Japan,1999,66.0,58.0,73.0,49.0,30.0,68.0,40.0,21.0,59.0,58.0,39.0,77.0,68.0,59.0,77.0,56.0,52.0,59.0,73.0,60.0,86.0,75.0,63.0,87.0,81.0,87.0,75.0
JPN,Japan,2000,67.0,59.0,75.0,51.0,30.0,72.0,43.0,22.0,63.0,59.0,38.0,80.0,69.0,59.0,79.0,57.0,53.0,61.0,75.0,63.0,87.0,75.0,63.0,87.0,81.0,87.0,75.0
JPN,Japan,2001,67.0,60.0,75.0,51.0,32.0,71.0,42.0,23.0,61.0,61.0,41.0,80.0,69.0,60.0,79.0,57.0,52.0,63.0,76.0,65.0,86.0,75.0,63.0,87.0,81.0,87.0,76.0
JPN,Japan,2002,67.0,61.0,72.0,46.0,33.0,60.0,44.0,24.0,63.0,49.0,42.0,57.0,71.0,61.0,80.0,59.0,54.0,63.0,78.0,66.0,91.0,75.0,63.0,87.0,83.0,89.0,77.0
JPN,Japan,2003,68.0,62.0,74.0,49.0,34.0,65.0,45.0,25.0,65.0,54.0,43.0,65.0,71.0,62.0,81.0,58.0,53.0,64.0,80.0,69.0,91.0,75.0,63.0,88.0,83.0,89.0,77.0
JPN,Japan,2004,69.0,62.0,75.0,50.0,36.0,65.0,45.0,26.0,65.0,55.0,45.0,65.0,72.0,63.0,81.0,60.0,55.0,65.0,81.0,70.0,92.0,76.0,65.0,88.0,83.0,88.0,78.0
JPN,Japan,2005,69.0,63.0,75.0,52.0,37.0,66.0,46.0,26.0,65.0,58.0,49.0,66.0,73.0,65.0,81.0,60.0,56.0,64.0,81.0,72.0,91.0,77.0,66.0,89.0,82.0,87.0,78.0
JPN,Japan,2006,70.0,66.0,75.0,52.0,41.0,64.0,44.0,28.0,61.0,61.0,54.0,67.0,76.0,70.0,82.0,60.0,55.0,65.0,82.0,73.0,92.0,86.0,83.0,89.0,83.0,87.0,79.0
JPN,Japan,2007,72.0,69.0,75.0,54.0,44.0,64.0,46.0,30.0,62.0,62.0,59.0,66.0,79.0,76.0,81.0,60.0,55.0,64.0,90.0,88.0,91.0,86.0,84.0,89.0,84.0,87.0,80.0
JPN,Japan,2008,73.0,68.0,77.0,58.0,44.0,71.0,53.0,31.0,75.0,62.0,58.0,67.0,77.0,72.0,82.0,55.0,45.0,64.0,90.0,89.0,92.0,86.0,83.0,88.0,83.0,87.0,79.0
JPN,Japan,2009,73.0,67.0,79.0,57.0,41.0,73.0,51.0,25.0,78.0,62.0,57.0,68.0,77.0,72.0,82.0,55.0,44.0,66.0,91.0,89.0,92.0,85.0,82.0,89.0,84.0,87.0,81.0
JPN,Japan,2010,73.0,68.0,78.0,57.0,43.0,72.0,52.0,27.0,77.0,62.0,59.0,66.0,78.0,72.0,83.0,56.0,45.0,68.0,91.0,90.0,92.0,85.0,82.0,89.0,85.0,90.0,80.0
JPN,Japan,2011,74.0,69.0,79.0,57.0,43.0,70.0,50.0,27.0,73.0,64.0,60.0,68.0,78.0,73.0,83.0,57.0,46.0,69.0,92.0,91.0,93.0,85.0,82.0,89.0,86.0,90.0,82.0
JPN,Japan,2012,75.0,69.0,80.0,59.0,44.0,74.0,52.0,27.0,76.0,66.0,61.0,72.0,78.0,74.0,83.0,57.0,46.0,69.0,92.0,92.0,92.0,86.0,84.0,88.0,87.0,91.0,82.0
JPN,Japan,2013,75.0,71.0,80.0,61.0,48.0,74.0,53.0,30.0,75.0,69.0,66.0,73.0,79.0,74.0,83.0,57.0,44.0,69.0,92.0,92.0,92.0,87.0,85.0,88.0,87.0,90.0,83.0
JPN,Japan,2014,76.0,72.0,80.0,62.0,52.0,72.0,55.0,34.0,76.0,69.0,70.0,68.0,80.0,74.0,86.0,57.0,45.0,70.0,92.0,93.0,92.0,90.0,85.0,95.0,86.0,90.0,82.0
JPN,Japan,2015,78.0,73.0,83.0,66.0,53.0,78.0,56.0,33.0,79.0,75.0,73.0,77.0,80.0,74.0,86.0,57.0,44.0,70.0,93.0,93.0,93.0,90.0,86.0,95.0,88.0,91.0,85.0
JPN,Japan,2016,78.0,72.0,84.0,65.0,51.0,79.0,55.0,30.0,80.0,76.0,73.0,78.0,80.0,75.0,86.0,57.0,44.0,70.0,93.0,93.0,92.0,91.0,86.0,95.0,88.0,90.0,85.0
JPN,Japan,2017,78.0,73.0,84.0,67.0,54.0,80.0,56.0,32.0,81.0,77.0,75.0,79.0,81.0,75.0,86.0,58.0,45.0,70.0,93.0,93.0,92.0,91.0,87.0,95.0,87.0,89.0,86.0
JPN,Japan,2018,78.0,72.0,84.0,67.0,55.0,80.0,57.0,33.0,80.0,78.0,76.0,79.0,80.0,75.0,86.0,58.0,46.0,70.0,93.0,93.0,93.0,90.0,85.0,95.0,87.0,88.0,86.0
JPN,Japan,2019,76.0,68.0,84.0,68.0,55.0,80.0,57.0,33.0,80.0,78.0,77.0,80.0,81.0,76.0,86.0,58.0,47.0,70.0,93.0,94.0,93.0,92.0,88.0,95.0,79.0,72.0,86.0
JPN,Japan,2020,75.0,67.0,84.0,67.0,53.0,80.0,55.0,29.0,80.0,78.0,77.0,80.0,80.0,74.0,86.0,56.0,42.0,70.0,93.0,94.0,93.0,91.0,87.0,95.0,80.0,73.0,87.0
KEN,Kenya,1990,40.0,48.0,32.0,39.0,50.0,28.0,41.0,56.0,26.0,37.0,44.0,31.0,23.0,19.0,27.0,28.0,20.0,36.0,18.0,22.0,14.0,22.0,15.0,30.0,57.0,75.0,40.0
KEN,Kenya,1991,41.0,48.0,34.0,39.0,50.0,28.0,40.0,55.0,26.0,38.0,46.0,31.0,23.0,18.0,28.0,29.0,20.0,37.0,17.0,18.0,15.0,23.0,14.0,32.0,60.0,76.0,45.0
KEN,Kenya,1992,40.0,49.0,32.0,37.0,48.0,27.0,41.0,55.0,27.0,34.0,41.0,27.0,22.0,18.0,25.0,24.0,21.0,26.0,18.0,19.0,16.0,23.0,14.0,33.0,62.0,80.0,45.0
KEN,Kenya,1993,45.0,55.0,34.0,46.0,64.0,28.0,53.0,75.0,31.0,40.0,53.0,26.0,23.0,19.0,27.0,25.0,25.0,25.0,18.0,20.0,16.0,27.0,14.0,40.0,64.0,81.0,47.0
KEN,Kenya,1994,45.0,54.0,36.0,46.0,61.0,31.0,51.0,74.0,29.0,41.0,48.0,33.0,23.0,20.0,26.0,25.0,25.0,24.0,18.0,20.0,17.0,26.0,14.0,37.0,66.0,81.0,50.0
KEN,Kenya,1995,44.0,52.0,36.0,43.0,57.0,29.0,49.0,72.0,26.0,37.0,42.0,33.0,23.0,19.0,27.0,24.0,24.0,25.0,20.0,20.0,21.0,25.0,14.0,37.0,67.0,81.0,53.0
KEN,Kenya,1996,45.0,48.0,43.0,44.0,47.0,42.0,43.0,59.0,26.0,46.0,34.0,57.0,24.0,19.0,28.0,25.0,25.0,25.0,21.0,20.0,22.0,25.0,14.0,36.0,68.0,77.0,59.0
KEN,Kenya,1997,46.0,48.0,43.0,45.0,48.0,42.0,45.0,63.0,26.0,45.0,33.0,57.0,25.0,20.0,29.0,25.0,25.0,25.0,23.0,20.0,27.0,25.0,14.0,36.0,68.0,78.0,59.0
KEN,Kenya,1998,45.0,48.0,43.0,45.0,47.0,42.0,44.0,61.0,27.0,45.0,33.0,58.0,24.0,19.0,29.0,25.0,25.0,25.0,23.0,20.0,26.0,25.0,13.0,36.0,67.0,76.0,58.0
KEN,Kenya,1999,47.0,48.0,46.0,46.0,48.0,44.0,45.0,62.0,28.0,47.0,35.0,60.0,25.0,19.0,31.0,26.0,26.0,25.0,23.0,19.0,27.0,26.0,12.0,40.0,70.0,78.0,62.0
KEN,Kenya,2000,47.0,47.0,47.0,43.0,41.0,45.0,38.0,48.0,28.0,48.0,33.0,62.0,27.0,18.0,35.0,27.0,23.0,31.0,26.0,22.0,30.0,27.0,10.0,44.0,72.0,82.0,62.0
KEN,Kenya,2001,48.0,48.0,48.0,43.0,42.0,45.0,39.0,51.0,26.0,48.0,32.0,63.0,28.0,19.0,36.0,29.0,23.0,34.0,28.0,24.0,32.0,26.0,11.0,42.0,74.0,83.0,65.0
KEN,Kenya,2002,48.0,48.0,47.0,43.0,42.0,44.0,37.0,50.0,24.0,48.0,33.0,63.0,28.0,20.0,35.0,27.0,23.0,31.0,30.0,25.0,36.0,25.0,13.0,38.0,73.0,82.0,64.0
KEN,Kenya,2003,49.0,48.0,51.0,45.0,41.0,49.0,41.0,49.0,34.0,48.0,33.0,63.0,29.0,21.0,38.0,28.0,24.0,32.0,32.0,26.0,38.0,27.0,12.0,42.0,74.0,82.0,66.0
KEN,Kenya,2004,48.0,47.0,50.0,41.0,38.0,44.0,32.0,41.0,22.0,49.0,34.0,65.0,31.0,21.0,40.0,29.0,25.0,34.0,33.0,25.0,41.0,30.0,14.0,46.0,74.0,82.0,65.0
KEN,Kenya,2005,50.0,50.0,51.0,45.0,46.0,44.0,44.0,59.0,28.0,46.0,33.0,60.0,32.0,23.0,42.0,31.0,25.0,37.0,35.0,29.0,40.0,31.0,15.0,48.0,74.0,82.0,66.0
KEN,Kenya,2006,51.0,49.0,53.0,43.0,40.0,45.0,40.0,52.0,28.0,45.0,29.0,62.0,35.0,25.0,44.0,33.0,27.0,40.0,38.0,33.0,42.0,33.0,15.0,51.0,75.0,82.0,68.0
KEN,Kenya,2007,52.0,49.0,55.0,44.0,41.0,47.0,40.0,51.0,29.0,47.0,30.0,65.0,36.0,26.0,47.0,35.0,27.0,42.0,39.0,34.0,43.0,35.0,15.0,55.0,76.0,81.0,71.0
KEN,Kenya,2008,52.0,51.0,54.0,42.0,41.0,44.0,42.0,53.0,31.0,43.0,29.0,57.0,39.0,31.0,48.0,35.0,25.0,45.0,48.0,52.0,44.0,34.0,14.0,54.0,76.0,81.0,71.0
KEN,Kenya,2009,53.0,51.0,56.0,40.0,35.0,45.0,37.0,41.0,33.0,44.0,30.0,58.0,42.0,36.0,49.0,38.0,28.0,48.0,53.0,62.0,45.0,36.0,18.0,54.0,77.0,81.0,73.0
KEN,Kenya,2010,54.0,52.0,56.0,43.0,38.0,47.0,40.0,46.0,33.0,46.0,30.0,62.0,43.0,37.0,50.0,39.0,29.0,49.0,55.0,63.0,46.0,37.0,18.0,55.0,76.0,81.0,71.0
KEN,Kenya,2011,55.0,53.0,56.0,43.0,41.0,45.0,41.0,51.0,31.0,44.0,31.0,58.0,46.0,38.0,54.0,39.0,30.0,49.0,57.0,66.0,48.0,42.0,19.0,65.0,76.0,81.0,70.0
KEN,Kenya,2012,55.0,53.0,57.0,42.0,40.0,44.0,39.0,48.0,31.0,44.0,31.0,57.0,47.0,40.0,55.0,39.0,30.0,48.0,60.0,71.0,49.0,43.0,19.0,66.0,77.0,81.0,73.0
KEN,Kenya,2013,55.0,53.0,57.0,42.0,38.0,45.0,38.0,44.0,32.0,45.0,33.0,58.0,46.0,39.0,53.0,39.0,29.0,48.0,61.0,71.0,50.0,39.0,17.0,61.0,77.0,81.0,73.0
KEN,Kenya,2014,56.0,54.0,58.0,43.0,40.0,46.0,38.0,45.0,30.0,49.0,35.0,62.0,46.0,39.0,53.0,39.0,29.0,49.0,60.0,71.0,50.0,39.0,17.0,61.0,78.0,82.0,75.0
KEN,Kenya,2015,55.0,53.0,58.0,41.0,37.0,46.0,36.0,41.0,32.0,46.0,32.0,59.0,46.0,39.0,53.0,39.0,29.0,50.0,60.0,70.0,49.0,39.0,18.0,59.0,79.0,83.0,75.0
KEN,Kenya,2016,55.0,52.0,59.0,40.0,34.0,47.0,34.0,35.0,33.0,47.0,33.0,61.0,46.0,38.0,54.0,41.0,29.0,53.0,60.0,70.0,49.0,38.0,16.0,61.0,79.0,83.0,75.0
KEN,Kenya,2017,55.0,51.0,59.0,41.0,34.0,48.0,35.0,35.0,35.0,47.0,33.0,62.0,47.0,40.0,54.0,41.0,29.0,53.0,60.0,70.0,49.0,40.0,19.0,61.0,78.0,81.0,76.0
KEN,Kenya,2018,55.0,51.0,59.0,40.0,33.0,47.0,34.0,35.0,33.0,47.0,32.0,62.0,47.0,40.0,55.0,42.0,31.0,54.0,60.0,70.0,50.0,39.0,18.0,61.0,79.0,81.0,76.0
KEN,Kenya,2019,55.0,51.0,59.0,40.0,32.0,47.0,33.0,33.0,32.0,47.0,32.0,62.0,47.0,40.0,55.0,42.0,31.0,54.0,60.0,70.0,51.0,39.0,18.0,61.0,78.0,80.0,76.0
KEN,Kenya,2020,55.0,50.0,60.0,38.0,30.0,47.0,30.0,28.0,31.0,46.0,31.0,62.0,48.0,39.0,56.0,43.0,31.0,55.0,61.0,69.0,52.0,40.0,18.0,61.0,78.0,80.0,76.0
MAR,Morocco,1990,44.0,43.0,44.0,43.0,37.0,48.0,40.0,33.0,46.0,45.0,42.0,49.0,33.0,35.0,31.0,42.0,42.0,41.0,33.0,37.0,28.0,25.0,26.0,24.0,56.0,58.0,54.0
MAR,Morocco,1991,48.0,49.0,48.0,43.0,38.0,48.0,38.0,30.0,46.0,48.0,45.0,50.0,34.0,35.0,32.0,42.0,42.0,41.0,33.0,37.0,29.0,25.0,26.0,25.0,68.0,72.0,63.0
MAR,Morocco,1992,50.0,51.0,48.0,44.0,40.0,48.0,40.0,33.0,46.0,48.0,47.0,50.0,36.0,40.0,31.0,43.0,43.0,43.0,34.0,37.0,30.0,30.0,39.0,21.0,69.0,74.0,65.0
MAR,Morocco,1993,52.0,53.0,52.0,48.0,42.0,55.0,40.0,34.0,46.0,56.0,50.0,63.0,36.0,39.0,32.0,42.0,42.0,43.0,34.0,36.0,32.0,31.0,40.0,22.0,73.0,79.0,68.0
MAR,Morocco,1994,53.0,53.0,53.0,49.0,42.0,55.0,41.0,36.0,46.0,56.0,48.0,64.0,36.0,39.0,34.0,43.0,42.0,45.0,35.0,36.0,34.0,31.0,40.0,22.0,73.0,77.0,70.0
MAR,Morocco,1995,52.0,51.0,53.0,49.0,43.0,56.0,43.0,39.0,47.0,55.0,47.0,64.0,36.0,39.0,34.0,42.0,42.0,43.0,36.0,35.0,36.0,31.0,40.0,22.0,70.0,71.0,69.0
MAR,Morocco,1996,48.0,44.0,52.0,44.0,39.0,48.0,41.0,36.0,46.0,46.0,43.0,50.0,37.0,39.0,35.0,43.0,42.0,44.0,36.0,34.0,38.0,32.0,41.0,23.0,63.0,54.0,72.0
MAR,Morocco,1997,49.0,45.0,52.0,45.0,42.0,48.0,43.0,41.0,46.0,47.0,44.0,50.0,38.0,39.0,36.0,43.0,42.0,44.0,38.0,36.0,41.0,32.0,41.0,23.0,63.0,53.0,73.0
MAR,Morocco,1998,49.0,45.0,53.0,45.0,41.0,48.0,43.0,39.0,46.0,46.0,43.0,50.0,40.0,41.0,38.0,43.0,42.0,45.0,43.0,39.0,46.0,33.0,41.0,24.0,63.0,53.0,74.0
MAR,Morocco,1999,50.0,45.0,55.0,45.0,41.0,49.0,43.0,39.0,47.0,46.0,42.0,51.0,41.0,41.0,41.0,44.0,41.0,46.0,44.0,40.0,47.0,36.0,42.0,30.0,64.0,53.0,76.0
MAR,Morocco,2000,55.0,54.0,57.0,47.0,45.0,50.0,47.0,46.0,47.0,48.0,44.0,53.0,43.0,42.0,44.0,46.0,42.0,49.0,46.0,41.0,50.0,37.0,43.0,31.0,76.0,75.0,77.0
MAR,Morocco,2001,56.0,55.0,57.0,48.0,48.0,48.0,45.0,48.0,42.0,50.0,47.0,53.0,44.0,42.0,46.0,48.0,44.0,52.0,46.0,40.0,52.0,38.0,43.0,32.0,77.0,75.0,79.0
MAR,Morocco,2002,58.0,57.0,58.0,49.0,48.0,49.0,47.0,50.0,43.0,50.0,47.0,54.0,45.0,44.0,45.0,49.0,44.0,53.0,48.0,44.0,52.0,37.0,45.0,29.0,80.0,79.0,80.0
MAR,Morocco,2003,58.0,58.0,58.0,48.0,46.0,49.0,47.0,48.0,46.0,49.0,45.0,52.0,45.0,46.0,45.0,50.0,45.0,54.0,47.0,45.0,50.0,38.0,47.0,30.0,81.0,81.0,82.0
MAR,Morocco,2004,59.0,59.0,59.0,47.0,48.0,47.0,47.0,50.0,44.0,47.0,45.0,50.0,46.0,47.0,46.0,50.0,43.0,56.0,50.0,48.0,51.0,40.0,49.0,30.0,83.0,82.0,84.0
MAR,Morocco,2005,61.0,60.0,61.0,50.0,50.0,50.0,52.0,56.0,48.0,48.0,44.0,52.0,49.0,49.0,49.0,51.0,43.0,59.0,54.0,54.0,55.0,42.0,49.0,35.0,83.0,82.0,84.0
MAR,Morocco,2006,62.0,62.0,62.0,52.0,54.0,51.0,55.0,59.0,51.0,49.0,48.0,50.0,51.0,50.0,51.0,53.0,44.0,62.0,57.0,57.0,56.0,42.0,50.0,35.0,84.0,83.0,85.0
MAR,Morocco,2007,64.0,64.0,63.0,53.0,57.0,50.0,58.0,63.0,52.0,49.0,50.0,49.0,52.0,52.0,53.0,55.0,46.0,64.0,59.0,60.0,59.0,43.0,51.0,35.0,85.0,83.0,87.0
MAR,Morocco,2008,63.0,64.0,62.0,52.0,58.0,46.0,61.0,68.0,54.0,43.0,47.0,38.0,53.0,52.0,55.0,56.0,47.0,65.0,61.0,59.0,63.0,43.0,50.0,36.0,84.0,83.0,85.0
MAR,Morocco,2009,63.0,63.0,64.0,51.0,55.0,48.0,57.0,59.0,55.0,46.0,51.0,41.0,54.0,51.0,57.0,56.0,47.0,66.0,64.0,60.0,67.0,42.0,48.0,37.0,84.0,83.0,86.0
MAR,Morocco,2010,65.0,64.0,66.0,55.0,57.0,52.0,61.0,64.0,57.0,49.0,50.0,47.0,56.0,52.0,60.0,58.0,48.0,68.0,66.0,60.0,72.0,43.0,47.0,38.0,85.0,83.0,87.0
MAR,Morocco,2011,66.0,65.0,68.0,57.0,59.0,56.0,64.0,68.0,61.0,50.0,50.0,50.0,57.0,52.0,61.0,59.0,49.0,69.0,68.0,60.0,75.0,43.0,47.0,39.0,85.0,83.0,87.0
MAR,Morocco,2012,68.0,65.0,70.0,60.0,60.0,59.0,68.0,69.0,66.0,52.0,51.0,53.0,57.0,52.0,62.0,60.0,50.0,70.0,68.0,60.0,77.0,44.0,48.0,40.0,86.0,84.0,88.0
MAR,Morocco,2013,67.0,64.0,71.0,58.0,56.0,60.0,66.0,64.0,67.0,51.0,49.0,53.0,58.0,52.0,63.0,60.0,50.0,71.0,69.0,59.0,78.0,44.0,47.0,41.0,86.0,83.0,89.0
MAR,Morocco,2014,66.0,65.0,68.0,55.0,58.0,51.0,61.0,65.0,57.0,48.0,51.0,46.0,58.0,53.0,64.0,61.0,50.0,71.0,69.0,59.0,78.0,46.0,51.0,41.0,86.0,84.0,88.0
MAR,Morocco,2015,68.0,67.0,69.0,56.0,57.0,54.0,62.0,64.0,60.0,49.0,51.0,48.0,61.0,59.0,63.0,60.0,50.0,70.0,80.0,80.0,79.0,44.0,48.0,41.0,87.0,84.0,89.0
MAR,Morocco,2016,69.0,69.0,69.0,57.0,58.0,55.0,62.0,64.0,61.0,51.0,53.0,49.0,65.0,66.0,63.0,59.0,49.0,69.0,81.0,82.0,79.0,54.0,66.0,42.0,87.0,84.0,90.0
MAR,Morocco,2017,70.0,70.0,70.0,58.0,59.0,57.0,65.0,65.0,65.0,51.0,54.0,49.0,65.0,67.0,62.0,59.0,49.0,69.0,83.0,86.0,80.0,52.0,67.0,38.0,86.0,83.0,90.0
MAR,Morocco,2018,70.0,70.0,71.0,59.0,59.0,60.0,68.0,67.0,70.0,50.0,50.0,49.0,65.0,67.0,63.0,58.0,47.0,70.0,84.0,87.0,81.0,53.0,68.0,39.0,87.0,83.0,90.0
MAR,Morocco,2019,70.0,70.0,71.0,59.0,58.0,60.0,68.0,66.0,70.0,50.0,50.0,50.0,66.0,68.0,64.0,58.0,47.0,69.0,85.0,88.0,83.0,54.0,68.0,40.0,86.0,83.0,90.0
MAR,Morocco,2020,70.0,69.0,71.0,57.0,56.0,59.0,64.0,59.0,68.0,51.0,53.0,50.0,66.0,66.0,65.0,57.0,43.0,70.0,86.0,88.0,85.0,54.0,67.0,41.0,87.0,84.0,90.0
USA,United States,1990,70.0,64.0,75.0,55.0,33.0,76.0,49.0,22.0,75.0,60.0,44.0,77.0,71.0,68.0,73.0,59.0,65.0,53.0,70.0,61.0,79.0,82.0,77.0,88.0,84.0,92.0,76.0
USA,United States,1991,71.0,64.0,78.0,55.0,32.0,77.0,49.0,22.0,76.0,60.0,43.0,78.0,71.0,69.0,73.0,61.0,67.0,54.0,71.0,61.0,80.0,80.0,77.0,83.0,88.0,92.0,84.0
USA,United States,1992,71.0,64.0,79.0,55.0,31.0,78.0,49.0,22.0,76.0,60.0,40.0,80.0,71.0,68.0,73.0,60.0,65.0,56.0,71.0,61.0,81.0,81.0,79.0,83.0,89.0,92.0,85.0
USA,United States,1993,73.0,66.0,80.0,55.0,32.0,78.0,49.0,23.0,75.0,61.0,41.0,81.0,71.0,69.0,73.0,60.0,65.0,55.0,71.0,61.0,82.0,82.0,80.0,83.0,92.0,96.0,88.0
USA,United States,1994,73.0,65.0,81.0,56.0,33.0,79.0,49.0,23.0,75.0,63.0,43.0,84.0,72.0,69.0,75.0,61.0,65.0,56.0,72.0,61.0,83.0,84.0,81.0,87.0,92.0,94.0,89.0
USA,United States,1995,75.0,67.0,82.0,58.0,36.0,79.0,49.0,23.0,75.0,66.0,49.0,84.0,73.0,69.0,76.0,61.0,66.0,56.0,73.0,61.0,85.0,84.0,81.0,86.0,93.0,96.0,90.0
USA,United States,1996,75.0,67.0,82.0,59.0,38.0,81.0,50.0,24.0,77.0,69.0,52.0,85.0,73.0,70.0,76.0,62.0,66.0,57.0,73.0,61.0,84.0,84.0,82.0,86.0,92.0,94.0,91.0
USA,United States,1997,76.0,68.0,84.0,61.0,40.0,83.0,51.0,24.0,79.0,71.0,55.0,87.0,75.0,70.0,79.0,62.0,66.0,58.0,73.0,61.0,85.0,89.0,83.0,95.0,92.0,93.0,91.0
USA,United States,1998,77.0,68.0,86.0,62.0,41.0,84.0,52.0,24.0,80.0,72.0,57.0,87.0,76.0,71.0,82.0,63.0,67.0,59.0,75.0,61.0,89.0,91.0,84.0,97.0,92.0,93.0,92.0
USA,United States,1999,77.0,69.0,86.0,64.0,42.0,85.0,53.0,24.0,81.0,75.0,61.0,88.0,77.0,71.0,82.0,64.0,69.0,60.0,75.0,61.0,89.0,90.0,83.0,97.0,92.0,92.0,92.0
USA,United States,2000,77.0,69.0,85.0,65.0,45.0,86.0,53.0,25.0,82.0,77.0,64.0,89.0,74.0,70.0,79.0,65.0,70.0,61.0,78.0,65.0,90.0,80.0,75.0,85.0,92.0,93.0,92.0
USA,United States,2001,78.0,69.0,86.0,65.0,43.0,86.0,53.0,25.0,82.0,76.0,61.0,90.0,76.0,71.0,81.0,66.0,70.0,61.0,79.0,67.0,90.0,84.0,77.0,91.0,92.0,92.0,92.0
USA,United States,2002,77.0,69.0,86.0,63.0,43.0,82.0,53.0,25.0,80.0,73.0,61.0,84.0,77.0,72.0,83.0,67.0,71.0,62.0,80.0,68.0,91.0,86.0,77.0,95.0,92.0,91.0,93.0
USA,United States,2003,78.0,70.0,86.0,63.0,45.0,82.0,53.0,25.0,81.0,74.0,64.0,83.0,77.0,73.0,82.0,67.0,72.0,62.0,80.0,70.0,91.0,85.0,77.0,93.0,92.0,91.0,93.0
USA,United States,2004,78.0,71.0,85.0,66.0,48.0,83.0,54.0,26.0,82.0,77.0,70.0,84.0,78.0,75.0,81.0,67.0,72.0,61.0,82.0,71.0,92.0,85.0,81.0,90.0,91.0,91.0,92.0
USA,United States,2005,78.0,72.0,84.0,65.0,49.0,81.0,54.0,26.0,82.0,76.0,73.0,80.0,79.0,77.0,80.0,67.0,72.0,62.0,82.0,72.0,92.0,87.0,87.0,87.0,92.0,91.0,93.0
USA,United States,2006,80.0,74.0,86.0,66.0,52.0,81.0,54.0,26.0,82.0,79.0,77.0,80.0,82.0,80.0,83.0,68.0,75.0,62.0,83.0,73.0,93.0,94.0,93.0,95.0,92.0,91.0,93.0
USA,United States,2007,81.0,77.0,86.0,68.0,53.0,82.0,55.0,27.0,83.0,80.0,79.0,82.0,85.0,87.0,82.0,68.0,75.0,62.0,93.0,92.0,94.0,92.0,94.0,91.0,92.0,91.0,94.0
USA,United States,2008,81.0,76.0,85.0,65.0,51.0,79.0,55.0,28.0,81.0,76.0,75.0,77.0,85.0,87.0,83.0,69.0,76.0,62.0,93.0,93.0,93.0,94.0,93.0,94.0,92.0,91.0,94.0
USA,United States,2009,80.0,76.0,85.0,64.0,50.0,78.0,53.0,26.0,81.0,74.0,74.0,75.0,85.0,87.0,84.0,69.0,75.0,64.0,93.0,93.0,93.0,94.0,93.0,95.0,92.0,90.0,94.0
USA,United States,2010,80.0,76.0,84.0,65.0,51.0,78.0,54.0,27.0,80.0,75.0,75.0,76.0,84.0,87.0,81.0,69.0,75.0,64.0,93.0,94.0,92.0,91.0,93.0,88.0,92.0,90.0,94.0
USA,United States,2011,81.0,77.0,85.0,65.0,52.0,78.0,55.0,30.0,80.0,75.0,75.0,76.0,86.0,88.0,84.0,70.0,75.0,64.0,93.0,94.0,93.0,94.0,93.0,95.0,92.0,90.0,94.0
USA,United States,2012,81.0,77.0,85.0,65.0,53.0,78.0,55.0,30.0,80.0,76.0,75.0,76.0,85.0,88.0,82.0,70.0,76.0,64.0,94.0,95.0,93.0,90.0,94.0,87.0,92.0,91.0,94.0
USA,United States,2013,81.0,77.0,85.0,65.0,53.0,78.0,55.0,30.0,80.0,76.0,76.0,76.0,86.0,89.0,83.0,71.0,76.0,66.0,94.0,96.0,93.0,92.0,94.0,91.0,92.0,90.0,94.0
USA,United States,2014,82.0,78.0,86.0,67.0,53.0,81.0,56.0,30.0,83.0,78.0,77.0,79.0,86.0,89.0,83.0,71.0,77.0,65.0,94.0,96.0,92.0,93.0,94.0,92.0,92.0,91.0,94.0
USA,United States,2015,82.0,77.0,86.0,66.0,52.0,80.0,56.0,29.0,82.0,76.0,76.0,77.0,87.0,89.0,84.0,71.0,77.0,66.0,94.0,96.0,92.0,94.0,94.0,94.0,92.0,90.0,94.0
USA,United States,2016,82.0,77.0,87.0,67.0,52.0,82.0,56.0,28.0,84.0,79.0,76.0,81.0,87.0,90.0,84.0,72.0,78.0,66.0,95.0,97.0,94.0,94.0,94.0,94.0,92.0,90.0,94.0
USA,United States,2017,82.0,78.0,87.0,68.0,53.0,82.0,56.0,28.0,84.0,80.0,79.0,81.0,87.0,90.0,83.0,72.0,78.0,66.0,95.0,97.0,93.0,93.0,95.0,92.0,92.0,90.0,94.0
USA,United States,2018,82.0,78.0,86.0,67.0,53.0,81.0,55.0,28.0,82.0,80.0,79.0,81.0,87.0,90.0,83.0,70.0,78.0,63.0,95.0,97.0,93.0,95.0,95.0,94.0,92.0,90.0,94.0
USA,United States,2019,82.0,78.0,86.0,67.0,54.0,81.0,54.0,28.0,81.0,81.0,80.0,81.0,87.0,90.0,84.0,70.0,78.0,62.0,95.0,97.0,93.0,96.0,95.0,97.0,92.0,90.0,94.0
USA,United States,2020,81.0,77.0,85.0,67.0,52.0,81.0,53.0,25.0,82.0,80.0,80.0,81.0,85.0,89.0,81.0,68.0,75.0,60.0,95.0,97.0,94.0,92.0,95.0,88.0,92.0,90.0,94.0
ZAF,South Africa,1990,35.0,39.0,31.0,31.0,33.0,29.0,37.0,31.0,44.0,25.0,35.0,14.0,37.0,33.0,40.0,30.0,29.0,30.0,40.0,45.0,36.0,40.0,26.0,53.0,39.0,52.0,25.0
ZAF,South Africa,1991,35.0,38.0,31.0,29.0,31.0,27.0,35.0,29.0,41.0,23.0,32.0,14.0,37.0,33.0,42.0,30.0,28.0,32.0,40.0,44.0,36.0,41.0,26.0,57.0,38.0,52.0,24.0
ZAF,South Africa,1992,34.0,38.0,31.0,29.0,30.0,28.0,35.0,28.0,41.0,23.0,32.0,14.0,37.0,32.0,41.0,30.0,27.0,33.0,41.0,44.0,38.0,39.0,26.0,53.0,38.0,52.0,23.0
ZAF,South Africa,1993,36.0,39.0,34.0,33.0,29.0,37.0,34.0,29.0,39.0,33.0,30.0,35.0,37.0,33.0,41.0,31.0,28.0,33.0,42.0,43.0,41.0,38.0,27.0,50.0,39.0,54.0,23.0
ZAF,South Africa,1994,40.0,39.0,40.0,36.0,31.0,41.0,35.0,30.0,40.0,37.0,32.0,41.0,40.0,33.0,47.0,37.0,28.0,45.0,46.0,44.0,47.0,37.0,27.0,47.0,44.0,54.0,34.0
ZAF,South Africa,1995,45.0,44.0,45.0,36.0,33.0,39.0,34.0,32.0,36.0,38.0,34.0,41.0,45.0,38.0,52.0,37.0,28.0,46.0,49.0,45.0,53.0,49.0,42.0,57.0,53.0,61.0,46.0
ZAF,South Africa,1996,46.0,46.0,46.0,34.0,34.0,34.0,36.0,34.0,38.0,32.0,34.0,30.0,46.0,39.0,53.0,36.0,27.0,45.0,51.0,48.0,54.0,50.0,41.0,60.0,57.0,65.0,50.0
ZAF,South Africa,1997,49.0,47.0,51.0,39.0,36.0,41.0,39.0,35.0,43.0,38.0,38.0,38.0,47.0,41.0,52.0,35.0,28.0,42.0,53.0,50.0,56.0,51.0,44.0,59.0,61.0,64.0,58.0
ZAF,South Africa,1998,51.0,48.0,54.0,42.0,39.0,45.0,40.0,35.0,46.0,43.0,42.0,44.0,48.0,41.0,54.0,36.0,28.0,44.0,55.0,52.0,58.0,52.0,44.0,59.0,64.0,64.0,63.0
ZAF,South Africa,1999,56.0,55.0,57.0,46.0,43.0,49.0,42.0,34.0,50.0,50.0,51.0,48.0,48.0,41.0,54.0,39.0,31.0,46.0,53.0,48.0,58.0,51.0,44.0,58.0,74.0,82.0,67.0
ZAF,South Africa,2000,59.0,57.0,62.0,54.0,46.0,62.0,56.0,37.0,74.0,53.0,54.0,51.0,48.0,42.0,54.0,40.0,33.0,47.0,55.0,50.0,60.0,49.0,44.0,54.0,76.0,82.0,70.0
ZAF,South Africa,2001,61.0,59.0,64.0,55.0,48.0,63.0,57.0,40.0,74.0,54.0,56.0,52.0,49.0,44.0,55.0,40.0,31.0,48.0,58.0,55.0,61.0,51.0,44.0,57.0,79.0,85.0,73.0
ZAF,South Africa,2002,62.0,60.0,64.0,57.0,50.0,63.0,59.0,43.0,74.0,54.0,57.0,52.0,50.0,44.0,56.0,41.0,32.0,50.0,58.0,56.0,61.0,51.0,44.0,58.0,80.0,85.0,74.0
ZAF,South Africa,2003,63.0,60.0,65.0,56.0,47.0,64.0,57.0,39.0,74.0,55.0,56.0,54.0,51.0,45.0,57.0,43.0,34.0,52.0,58.0,55.0,61.0,52.0,46.0,58.0,82.0,89.0,75.0
ZAF,South Africa,2004,63.0,62.0,65.0,53.0,46.0,59.0,52.0,39.0,65.0,53.0,53.0,53.0,53.0,48.0,58.0,46.0,36.0,55.0,60.0,58.0,62.0,54.0,51.0,57.0,85.0,91.0,78.0
ZAF,South Africa,2005,64.0,63.0,65.0,52.0,47.0,57.0,52.0,39.0,65.0,51.0,55.0,48.0,54.0,50.0,59.0,48.0,39.0,58.0,59.0,58.0,61.0,55.0,52.0,58.0,85.0,91.0,80.0
ZAF,South Africa,2006,65.0,64.0,65.0,54.0,51.0,57.0,54.0,43.0,66.0,53.0,58.0,48.0,55.0,51.0,59.0,49.0,40.0,59.0,61.0,61.0,61.0,56.0,53.0,58.0,86.0,91.0,80.0
ZAF,South Africa,2007,67.0,67.0,66.0,56.0,54.0,57.0,55.0,45.0,65.0,56.0,63.0,49.0,58.0,57.0,60.0,50.0,41.0,59.0,69.0,77.0,62.0,56.0,53.0,60.0,86.0,90.0,82.0
ZAF,South Africa,2008,68.0,70.0,65.0,54.0,56.0,53.0,59.0,52.0,66.0,50.0,59.0,40.0,61.0,62.0,60.0,50.0,42.0,58.0,76.0,90.0,62.0,57.0,54.0,61.0,87.0,92.0,83.0
ZAF,South Africa,2009,66.0,67.0,66.0,51.0,49.0,54.0,53.0,40.0,66.0,50.0,58.0,42.0,61.0,61.0,61.0,50.0,42.0,59.0,76.0,90.0,63.0,56.0,51.0,61.0,87.0,91.0,83.0
ZAF,South Africa,2010,67.0,68.0,67.0,53.0,49.0,56.0,54.0,42.0,65.0,52.0,57.0,47.0,62.0,62.0,62.0,51.0,43.0,59.0,78.0,90.0,65.0,57.0,53.0,61.0,88.0,92.0,84.0
ZAF,South Africa,2011,69.0,69.0,69.0,55.0,51.0,58.0,58.0,46.0,70.0,52.0,56.0,47.0,63.0,63.0,64.0,53.0,44.0,63.0,79.0,91.0,67.0,57.0,53.0,61.0,88.0,92.0,84.0
ZAF,South Africa,2012,69.0,69.0,69.0,56.0,53.0,58.0,59.0,47.0,70.0,52.0,60.0,45.0,64.0,63.0,65.0,54.0,43.0,65.0,80.0,92.0,69.0,58.0,54.0,62.0,88.0,92.0,84.0
ZAF,South Africa,2013,70.0,70.0,69.0,56.0,56.0,56.0,60.0,49.0,71.0,51.0,62.0,41.0,65.0,63.0,67.0,56.0,44.0,68.0,81.0,92.0,70.0,58.0,53.0,64.0,88.0,92.0,85.0
ZAF,South Africa,2014,70.0,71.0,69.0,55.0,57.0,53.0,56.0,50.0,61.0,55.0,64.0,45.0,65.0,63.0,68.0,57.0,48.0,67.0,80.0,88.0,72.0,59.0,53.0,65.0,89.0,92.0,86.0
ZAF,South Africa,2015,70.0,71.0,69.0,55.0,57.0,52.0,55.0,49.0,60.0,55.0,65.0,44.0,66.0,63.0,68.0,58.0,47.0,69.0,79.0,87.0,71.0,59.0,53.0,65.0,89.0,92.0,86.0
ZAF,South Africa,2016,70.0,71.0,69.0,54.0,58.0,50.0,55.0,49.0,60.0,53.0,67.0,40.0,66.0,63.0,70.0,57.0,47.0,68.0,81.0,87.0,74.0,62.0,54.0,69.0,89.0,92.0,86.0
ZAF,South Africa,2017,70.0,71.0,69.0,54.0,57.0,51.0,54.0,47.0,62.0,53.0,67.0,40.0,67.0,65.0,70.0,60.0,53.0,67.0,79.0,86.0,72.0,62.0,55.0,70.0,89.0,92.0,86.0
ZAF,South Africa,2018,70.0,71.0,69.0,53.0,57.0,50.0,54.0,47.0,60.0,53.0,66.0,40.0,67.0,63.0,70.0,57.0,47.0,68.0,80.0,87.0,73.0,63.0,55.0,70.0,89.0,92.0,86.0
ZAF,South Africa,2019,70.0,70.0,69.0,54.0,57.0,50.0,54.0,47.0,61.0,54.0,68.0,40.0,67.0,63.0,71.0,57.0,46.0,68.0,81.0,88.0,74.0,63.0,55.0,72.0,88.0,90.0,86.0
ZAF,South Africa,2020,69.0,70.0,69.0,53.0,56.0,51.0,52.0,42.0,61.0,55.0,70.0,40.0,66.0,61.0,71.0,55.0,43.0,67.0,81.0,88.0,74.0,62.0,53.0,72.0,89.0,92.0,86.0
