code,country,year,KOFGI,KOFGIdf,KOFGIdj,KOFEcGI,KOFEcGIdf,KOFEcGIdj,KOFTrGI,KOFTrGIdf,KOFTrGIdj,KOFFiGI,KOFFiGIdf,KOFFiGIdj,KOFSoGI,KOFSoGIdf,KOFSoGIdj,KOFIpGI,KOFIpGIdf,KOFIpGIdj,KOFInGI,KOFInGIdf,KOFInGIdj,KOFCuGI,KOFCuGIdf,KOFCuGIdj,KOFPoGI,KOFPoGIdf,KOFPoGIdj,YoY Change,volatility,Volatility,Calculated Volatility
BRA,Brazil,1995,49.0,45.0,54.0,30.0,24.0,36.0,30.0,20.0,40.0,30.0,28.0,33.0,35.0,27.0,44.0,23.0,12.0,34.0,43.0,31.0,55.0,40.0,37.0,44.0,82.0,84.0,80.0,2.071613578237619,30.54837430730232,0.0,30.54837430730232
BRA,Brazil,1996,50.0,46.0,55.0,31.0,25.0,37.0,29.0,20.0,39.0,33.0,30.0,35.0,36.0,27.0,46.0,23.0,12.0,35.0,46.0,31.0,60.0,41.0,37.0,44.0,84.0,87.0,81.0,58.43602290526362,30.54837430730232,0.0,30.54837430730232
BRA,Brazil,1997,52.0,48.0,56.0,32.0,26.0,38.0,29.0,20.0,38.0,34.0,32.0,37.0,40.0,31.0,48.0,24.0,11.0,37.0,53.0,44.0,63.0,42.0,38.0,45.0,83.0,86.0,81.0,50.672129969089205,30.54837430730232,0.0,30.54837430730232
BRA,Brazil,1998,52.0,48.0,57.0,34.0,27.0,40.0,28.0,19.0,36.0,39.0,35.0,44.0,41.0,32.0,49.0,25.0,12.0,39.0,54.0,45.0,63.0,43.0,40.0,45.0,83.0,84.0,82.0,-33.75954198473282,30.54837430730232,0.0,30.54837430730232
BRA,Brazil,1999,54.0,50.0,58.0,37.0,33.0,41.0,28.0,21.0,35.0,46.0,46.0,46.0,42.0,33.0,50.0,26.0,11.0,41.0,55.0,47.0,63.0,44.0,42.0,46.0,83.0,84.0,83.0,143.8778450014405,30.54837430730232,0.0,30.54837430730232
BRA,Brazil,2000,54.0,50.0,58.0,37.0,33.0,41.0,28.0,22.0,35.0,45.0,43.0,47.0,42.0,33.0,51.0,27.0,11.0,43.0,56.0,47.0,65.0,43.0,42.0,44.0,83.0,84.0,82.0,-8.889545186060243,30.54837430730232,0.0,30.54837430730232
BRA,Brazil,2001,56.0,52.0,59.0,40.0,37.0,43.0,32.0,24.0,39.0,48.0,50.0,47.0,44.0,35.0,53.0,28.0,11.0,45.0,60.0,53.0,66.0,44.0,41.0,47.0,83.0,84.0,82.0,-10.068071312803896,30.54837430730232,0.0,30.54837430730232
BRA,Brazil,2002,57.0,53.0,61.0,44.0,39.0,48.0,32.0,26.0,39.0,55.0,52.0,58.0,45.0,36.0,54.0,29.0,11.0,46.0,61.0,54.0,69.0,44.0,42.0,47.0,83.0,84.0,82.0,-16.35668973471741,30.54837430730232,0.0,30.54837430730232
BRA,Brazil,2003,57.0,53.0,61.0,42.0,39.0,45.0,32.0,26.0,37.0,52.0,52.0,53.0,45.0,36.0,55.0,30.0,12.0,47.0,62.0,55.0,68.0,44.0,40.0,49.0,83.0,84.0,82.0,93.44135137464448,30.54837430730232,0.0,30.54837430730232
BRA,Brazil,2004,58.0,54.0,62.0,42.0,38.0,46.0,34.0,27.0,40.0,50.0,50.0,51.0,47.0,38.0,57.0,31.0,13.0,50.0,64.0,57.0,70.0,47.0,43.0,50.0,84.0,85.0,83.0,14.600133660057924,30.54837430730232,0.0,30.54837430730232
BRA,Brazil,2005,59.0,54.0,63.0,43.0,36.0,50.0,34.0,26.0,43.0,51.0,46.0,56.0,48.0,38.0,57.0,33.0,14.0,51.0,64.0,58.0,70.0,47.0,43.0,50.0,86.0,88.0,83.0,30.265920223932817,30.54837430730232,0.0,30.54837430730232
BRA,Brazil,2006,60.0,55.0,65.0,43.0,35.0,50.0,34.0,25.0,44.0,52.0,46.0,57.0,50.0,40.0,60.0,33.0,14.0,53.0,68.0,62.0,73.0,50.0,44.0,55.0,86.0,88.0,83.0,35.44334019757065,30.54837430730232,0.0,30.54837430730232
BRA,Brazil,2007,62.0,57.0,67.0,45.0,36.0,53.0,35.0,24.0,45.0,54.0,47.0,61.0,54.0,47.0,61.0,35.0,15.0,55.0,78.0,82.0,74.0,51.0,45.0,56.0,87.0,89.0,85.0,38.41085869158054,30.54837430730232,0.0,30.54837430730232
BRA,Brazil,2008,62.0,58.0,66.0,42.0,35.0,49.0,35.0,25.0,44.0,49.0,44.0,55.0,56.0,49.0,63.0,36.0,16.0,56.0,80.0,83.0,77.0,52.0,48.0,56.0,87.0,89.0,86.0,-35.932500198997054,30.54837430730232,0.0,30.54837430730232
BRA,Brazil,2009,63.0,58.0,69.0,46.0,35.0,56.0,39.0,23.0,56.0,52.0,46.0,57.0,57.0,50.0,65.0,37.0,16.0,58.0,82.0,85.0,79.0,53.0,48.0,59.0,88.0,89.0,86.0,74.05079017990259,30.54837430730232,0.0,30.54837430730232
BRA,Brazil,2010,64.0,59.0,70.0,47.0,37.0,57.0,40.0,23.0,56.0,54.0,51.0,57.0,58.0,49.0,66.0,38.0,17.0,60.0,82.0,86.0,79.0,52.0,46.0,58.0,88.0,90.0,86.0,-0.1184952530516092,30.54837430730232,0.0,30.54837430730232
BRA,Brazil,2011,64.0,59.0,69.0,45.0,36.0,54.0,40.0,24.0,56.0,50.0,48.0,53.0,59.0,51.0,67.0,40.0,17.0,62.0,84.0,88.0,80.0,53.0,47.0,59.0,89.0,91.0,86.0,-17.342271518824504,30.54837430730232,0.0,30.54837430730232
BRA,Brazil,2012,64.0,59.0,69.0,44.0,36.0,53.0,40.0,25.0,56.0,48.0,47.0,50.0,60.0,50.0,69.0,41.0,18.0,63.0,85.0,90.0,80.0,53.0,44.0,63.0,89.0,91.0,87.0,8.163724083072509,30.54837430730232,0.0,30.54837430730232
BRA,Brazil,2013,64.0,59.0,69.0,43.0,35.0,51.0,40.0,25.0,55.0,45.0,44.0,47.0,61.0,51.0,70.0,42.0,19.0,65.0,84.0,88.0,80.0,55.0,45.0,65.0,89.0,91.0,87.0,-17.654676258992808,30.54837430730232,0.0,30.54837430730232
BRA,Brazil,2014,65.0,60.0,70.0,43.0,35.0,52.0,36.0,26.0,47.0,50.0,45.0,56.0,62.0,54.0,71.0,42.0,19.0,66.0,85.0,88.0,81.0,60.0,54.0,66.0,89.0,91.0,87.0,-5.81474362707981,30.54837430730232,0.0,30.54837430730232
BRA,Brazil,2015,63.0,60.0,67.0,38.0,36.0,41.0,38.0,27.0,49.0,39.0,45.0,33.0,62.0,52.0,71.0,41.0,19.0,64.0,85.0,88.0,81.0,59.0,49.0,68.0,90.0,91.0,89.0,-13.132833113456464,30.54837430730232,0.0,30.54837430730232
BRA,Brazil,2016,64.0,60.0,68.0,40.0,38.0,42.0,38.0,26.0,51.0,41.0,50.0,32.0,62.0,52.0,72.0,41.0,20.0,63.0,84.0,89.0,80.0,60.0,47.0,72.0,90.0,91.0,89.0,43.24766854132556,30.54837430730232,0.0,30.54837430730232
BRA,Brazil,2017,64.0,60.0,68.0,40.0,37.0,44.0,40.0,25.0,54.0,41.0,50.0,33.0,62.0,51.0,72.0,41.0,20.0,62.0,85.0,88.0,81.0,59.0,46.0,72.0,90.0,90.0,89.0,29.031309015008432,30.54837430730232,0.0,30.54837430730232
BRA,Brazil,2018,64.0,60.0,69.0,41.0,38.0,44.0,40.0,26.0,54.0,42.0,50.0,34.0,62.0,52.0,72.0,41.0,21.0,60.0,85.0,88.0,81.0,61.0,48.0,75.0,89.0,89.0,90.0,16.845673135189877,30.54837430730232,0.0,30.54837430730232
BRA,Brazil,2019,65.0,60.0,69.0,42.0,39.0,44.0,39.0,25.0,54.0,44.0,53.0,34.0,62.0,53.0,71.0,40.0,21.0,59.0,85.0,88.0,81.0,61.0,49.0,73.0,90.0,89.0,91.0,30.282485962613205,30.54837430730232,0.0,30.54837430730232
BRA,Brazil,2020,64.0,60.0,68.0,42.0,41.0,43.0,39.0,26.0,53.0,45.0,56.0,34.0,61.0,52.0,70.0,40.0,21.0,59.0,85.0,87.0,83.0,58.0,48.0,68.0,90.0,89.0,91.0,0.2374906281441546,30.54837430730232,0.0,30.54837430730232
CHN,China,1992,39.0,41.0,38.0,30.0,25.0,34.0,30.0,25.0,36.0,29.0,26.0,31.0,17.0,15.0,19.0,11.0,9.0,13.0,15.0,14.0,17.0,24.0,22.0,27.0,72.0,84.0,60.0,177.11999999999998,30.54837430730232,0.0,30.54837430730232
CHN,China,1993,42.0,44.0,40.0,34.0,31.0,37.0,35.0,34.0,37.0,32.0,28.0,36.0,18.0,16.0,21.0,12.0,9.0,14.0,18.0,16.0,20.0,25.0,23.0,28.0,74.0,84.0,64.0,2.439683553633732,30.54837430730232,0.0,30.54837430730232
CHN,China,1994,43.0,44.0,42.0,34.0,31.0,37.0,35.0,33.0,37.0,33.0,29.0,37.0,20.0,18.0,22.0,13.0,9.0,16.0,21.0,20.0,21.0,27.0,24.0,29.0,74.0,83.0,66.0,-22.309629451972658,30.54837430730232,0.0,30.54837430730232
CHN,China,1995,44.0,45.0,44.0,35.0,32.0,37.0,34.0,32.0,37.0,35.0,33.0,38.0,22.0,19.0,25.0,14.0,9.0,18.0,24.0,21.0,27.0,28.0,26.0,30.0,76.0,83.0,69.0,-14.290124409594672,30.54837430730232,0.0,30.54837430730232
CHN,China,1996,45.0,45.0,45.0,35.0,31.0,38.0,34.0,29.0,38.0,36.0,34.0,37.0,23.0,19.0,27.0,15.0,10.0,20.0,26.0,22.0,30.0,29.0,26.0,32.0,77.0,83.0,71.0,65.14371128079529,30.54837430730232,0.0,30.54837430730232
CHN,China,1997,47.0,46.0,48.0,36.0,34.0,39.0,38.0,35.0,41.0,34.0,32.0,37.0,25.0,20.0,29.0,16.0,11.0,21.0,27.0,23.0,32.0,31.0,27.0,34.0,79.0,83.0,75.0,30.21668247892606,30.54837430730232,0.0,30.54837430730232
CHN,China,1998,49.0,49.0,49.0,37.0,34.0,39.0,38.0,34.0,42.0,35.0,35.0,36.0,31.0,29.0,33.0,17.0,10.0,23.0,36.0,32.0,40.0,41.0,45.0,37.0,79.0,83.0,75.0,-3.969516790888528,30.54837430730232,0.0,30.54837430730232
CHN,China,1999,51.0,50.0,51.0,38.0,36.0,40.0,39.0,35.0,43.0,36.0,36.0,36.0,34.0,30.0,37.0,18.0,11.0,24.0,39.0,34.0,44.0,44.0,45.0,42.0,80.0,83.0,78.0,19.17502398186097,30.54837430730232,0.0,30.54837430730232
CHN,China,2000,52.0,51.0,53.0,40.0,39.0,40.0,43.0,40.0,47.0,36.0,38.0,34.0,36.0,31.0,41.0,21.0,12.0,29.0,42.0,36.0,48.0,46.0,46.0,45.0,81.0,83.0,79.0,51.72767053520468,30.54837430730232,0.0,30.54837430730232
CHN,China,2001,54.0,52.0,56.0,41.0,39.0,43.0,47.0,41.0,52.0,36.0,37.0,34.0,38.0,34.0,43.0,22.0,12.0,31.0,45.0,40.0,49.0,48.0,48.0,48.0,82.0,83.0,81.0,-20.6179948685302,30.54837430730232,0.0,30.54837430730232
CHN,China,2002,55.0,53.0,57.0,42.0,39.0,46.0,46.0,44.0,49.0,39.0,34.0,43.0,40.0,36.0,44.0,22.0,14.0,30.0,48.0,43.0,52.0,50.0,52.0,48.0,82.0,83.0,81.0,-17.516722662016925,30.54837430730232,0.0,30.54837430730232
CHN,China,2003,56.0,54.0,58.0,43.0,41.0,46.0,46.0,44.0,48.0,41.0,37.0,44.0,42.0,38.0,45.0,24.0,16.0,32.0,50.0,47.0,53.0,51.0,52.0,50.0,83.0,83.0,83.0,10.26700548742312,30.54837430730232,0.0,30.54837430730232
CHN,China,2004,58.0,57.0,60.0,46.0,43.0,50.0,52.0,50.0,54.0,41.0,36.0,46.0,44.0,42.0,46.0,26.0,17.0,36.0,53.0,52.0,53.0,53.0,57.0,49.0,85.0,85.0,85.0,-15.399722118313475,30.54837430730232,0.0,30.54837430730232
CHN,China,2005,60.0,59.0,61.0,50.0,47.0,53.0,52.0,50.0,54.0,48.0,44.0,51.0,45.0,44.0,46.0,28.0,19.0,37.0,54.0,54.0,53.0,54.0,59.0,49.0,85.0,85.0,85.0,-8.325305961310702,30.54837430730232,0.0,30.54837430730232
CHN,China,2006,61.0,60.0,62.0,50.0,48.0,53.0,53.0,50.0,56.0,48.0,46.0,49.0,46.0,45.0,47.0,28.0,19.0,38.0,55.0,57.0,54.0,54.0,59.0,49.0,87.0,86.0,88.0,133.90005684460752,30.54837430730232,0.0,30.54837430730232
CHN,China,2007,63.0,63.0,64.0,52.0,48.0,56.0,55.0,50.0,61.0,49.0,47.0,50.0,50.0,53.0,47.0,30.0,21.0,38.0,66.0,78.0,55.0,54.0,62.0,47.0,88.0,86.0,89.0,94.15882344277028,30.54837430730232,0.0,30.54837430730232
CHN,China,2008,62.0,62.0,62.0,47.0,45.0,48.0,52.0,46.0,59.0,41.0,45.0,38.0,51.0,55.0,47.0,31.0,23.0,39.0,68.0,79.0,57.0,55.0,64.0,46.0,88.0,87.0,89.0,-64.33173203661805,30.54837430730232,0.0,30.54837430730232
CHN,China,2009,62.0,61.0,62.0,46.0,43.0,49.0,48.0,37.0,60.0,44.0,48.0,39.0,51.0,55.0,48.0,31.0,23.0,39.0,69.0,79.0,58.0,54.0,62.0,46.0,89.0,87.0,90.0,72.47437151729126,30.54837430730232,0.0,30.54837430730232
CHN,China,2010,62.0,63.0,62.0,47.0,45.0,48.0,43.0,40.0,47.0,50.0,50.0,50.0,52.0,56.0,48.0,31.0,23.0,40.0,70.0,81.0,60.0,54.0,63.0,46.0,89.0,87.0,90.0,-13.431326608627035,30.54837430730232,0.0,30.54837430730232
CHN,China,2011,63.0,63.0,62.0,45.0,44.0,46.0,42.0,40.0,45.0,48.0,49.0,48.0,53.0,58.0,49.0,33.0,25.0,40.0,72.0,83.0,61.0,56.0,65.0,46.0,89.0,87.0,90.0,-22.744722372581982,30.54837430730232,0.0,30.54837430730232
CHN,China,2012,63.0,63.0,62.0,45.0,43.0,46.0,42.0,38.0,45.0,47.0,47.0,47.0,54.0,59.0,50.0,33.0,26.0,41.0,73.0,84.0,62.0,57.0,67.0,48.0,89.0,87.0,90.0,4.959919608737939,30.54837430730232,0.0,30.54837430730232
CHN,China,2013,63.0,63.0,63.0,45.0,43.0,48.0,42.0,37.0,46.0,49.0,49.0,49.0,56.0,60.0,52.0,34.0,27.0,42.0,74.0,85.0,63.0,60.0,69.0,52.0,89.0,87.0,90.0,-7.360594469013915,30.54837430730232,0.0,30.54837430730232
CHN,China,2014,64.0,64.0,64.0,46.0,43.0,50.0,43.0,37.0,49.0,49.0,48.0,50.0,57.0,61.0,53.0,34.0,26.0,42.0,74.0,86.0,63.0,62.0,70.0,54.0,89.0,88.0,89.0,58.838337149602495,30.54837430730232,0.0,30.54837430730232
CHN,China,2015,64.0,64.0,63.0,43.0,41.0,46.0,41.0,34.0,47.0,46.0,48.0,44.0,57.0,61.0,53.0,34.0,27.0,42.0,75.0,86.0,63.0,63.0,72.0,55.0,90.0,88.0,91.0,-1.6194501152059892,30.54837430730232,0.0,30.54837430730232
CHN,China,2016,64.0,63.0,64.0,44.0,40.0,47.0,40.0,32.0,49.0,47.0,48.0,46.0,58.0,62.0,54.0,34.0,26.0,42.0,76.0,88.0,64.0,64.0,72.0,55.0,90.0,88.0,91.0,-4.864270415561888,30.54837430730232,0.0,30.54837430730232
CHN,China,2017,65.0,64.0,65.0,45.0,40.0,50.0,43.0,32.0,54.0,47.0,48.0,46.0,58.0,63.0,54.0,34.0,26.0,42.0,77.0,89.0,65.0,64.0,72.0,56.0,90.0,89.0,91.0,6.773289250590175,30.54837430730232,0.0,30.54837430730232
DEU,Germany,1992,76.0,67.0,85.0,66.0,42.0,89.0,60.0,31.0,89.0,72.0,53.0,90.0,71.0,67.0,74.0,61.0,61.0,62.0,66.0,61.0,71.0,85.0,81.0,89.0,93.0,92.0,93.0,-4.407266371184226,30.54837430730232,0.0,30.54837430730232
DEU,Germany,1993,77.0,69.0,86.0,66.0,43.0,90.0,61.0,31.0,90.0,72.0,54.0,90.0,69.0,67.0,71.0,61.0,61.0,61.0,66.0,60.0,71.0,82.0,81.0,82.0,96.0,95.0,96.0,48.10944948736369,30.54837430730232,0.0,30.54837430730232
DEU,Germany,1994,77.0,68.0,86.0,67.0,43.0,90.0,61.0,32.0,89.0,72.0,54.0,90.0,70.0,68.0,71.0,60.0,61.0,59.0,66.0,60.0,72.0,83.0,83.0,82.0,95.0,93.0,96.0,-8.311287477954144,30.54837430730232,0.0,30.54837430730232
DEU,Germany,1995,77.0,69.0,86.0,67.0,44.0,90.0,61.0,33.0,89.0,73.0,55.0,90.0,70.0,69.0,71.0,61.0,62.0,60.0,66.0,61.0,71.0,83.0,84.0,82.0,94.0,92.0,96.0,9.877369559990369,30.54837430730232,0.0,30.54837430730232
DEU,Germany,1996,78.0,69.0,86.0,68.0,46.0,90.0,62.0,35.0,89.0,74.0,57.0,91.0,70.0,70.0,71.0,61.0,62.0,60.0,66.0,62.0,71.0,83.0,85.0,81.0,95.0,92.0,98.0,24.67942249899002,30.54837430730232,0.0,30.54837430730232
DEU,Germany,1997,79.0,71.0,87.0,72.0,51.0,92.0,66.0,39.0,92.0,77.0,63.0,92.0,71.0,70.0,73.0,61.0,62.0,60.0,70.0,63.0,78.0,83.0,85.0,81.0,95.0,93.0,97.0,53.19783066554338,30.54837430730232,0.0,30.54837430730232
DEU,Germany,1998,80.0,72.0,88.0,74.0,54.0,93.0,67.0,40.0,94.0,80.0,68.0,93.0,72.0,70.0,74.0,61.0,63.0,60.0,71.0,63.0,80.0,83.0,86.0,81.0,95.0,93.0,98.0,20.348283589500447,30.54837430730232,0.0,30.54837430730232
DEU,Germany,1999,81.0,74.0,89.0,75.0,57.0,94.0,69.0,42.0,95.0,82.0,72.0,93.0,73.0,71.0,75.0,63.0,64.0,62.0,72.0,62.0,83.0,84.0,87.0,81.0,95.0,93.0,97.0,28.528126947279443,30.54837430730232,0.0,30.54837430730232
DEU,Germany,2000,84.0,77.0,90.0,79.0,63.0,95.0,72.0,48.0,96.0,86.0,78.0,93.0,75.0,73.0,78.0,65.0,64.0,66.0,77.0,67.0,88.0,84.0,87.0,81.0,96.0,94.0,98.0,-6.827972163962926,30.54837430730232,0.0,30.54837430730232
DEU,Germany,2001,84.0,77.0,90.0,79.0,64.0,94.0,72.0,49.0,94.0,86.0,78.0,93.0,76.0,74.0,79.0,66.0,65.0,67.0,79.0,69.0,88.0,85.0,88.0,82.0,96.0,94.0,98.0,-17.83739337015665,30.54837430730232,0.0,30.54837430730232
DEU,Germany,2002,82.0,77.0,87.0,78.0,65.0,91.0,72.0,49.0,96.0,83.0,80.0,86.0,73.0,75.0,72.0,67.0,65.0,68.0,69.0,70.0,67.0,85.0,88.0,82.0,95.0,93.0,98.0,-39.91656036743424,30.54837430730232,0.0,30.54837430730232
DEU,Germany,2003,84.0,78.0,91.0,78.0,65.0,92.0,73.0,49.0,97.0,84.0,81.0,86.0,79.0,76.0,81.0,68.0,67.0,69.0,79.0,71.0,87.0,89.0,90.0,88.0,96.0,94.0,99.0,29.4186226264396,30.54837430730232,0.0,30.54837430730232
DEU,Germany,2004,85.0,79.0,91.0,79.0,67.0,91.0,74.0,52.0,96.0,84.0,83.0,86.0,80.0,77.0,82.0,69.0,67.0,70.0,80.0,72.0,88.0,90.0,92.0,89.0,96.0,93.0,99.0,6.794321264153291,30.54837430730232,0.0,30.54837430730232
DEU,Germany,2005,86.0,80.0,91.0,80.0,70.0,91.0,75.0,56.0,94.0,85.0,84.0,87.0,81.0,79.0,83.0,71.0,70.0,71.0,81.0,73.0,89.0,92.0,93.0,90.0,96.0,93.0,99.0,26.993875237683284,30.54837430730232,0.0,30.54837430730232
DEU,Germany,2006,86.0,82.0,90.0,81.0,72.0,89.0,75.0,59.0,91.0,87.0,86.0,87.0,82.0,80.0,84.0,72.0,72.0,72.0,82.0,75.0,89.0,92.0,94.0,90.0,96.0,94.0,99.0,22.589989321061733,30.54837430730232,0.0,30.54837430730232
DEU,Germany,2007,88.0,85.0,90.0,81.0,74.0,88.0,75.0,59.0,91.0,86.0,88.0,85.0,85.0,86.0,84.0,73.0,74.0,73.0,90.0,91.0,89.0,92.0,93.0,90.0,98.0,96.0,100.0,18.978526371714462,30.54837430730232,0.0,30.54837430730232
DEU,Germany,2008,87.0,84.0,90.0,79.0,72.0,87.0,74.0,60.0,88.0,84.0,84.0,85.0,85.0,87.0,84.0,75.0,75.0,74.0,91.0,92.0,89.0,91.0,94.0,89.0,97.0,94.0,100.0,-37.43865838362607,30.54837430730232,0.0,30.54837430730232
DEU,Germany,2009,87.0,84.0,90.0,78.0,70.0,86.0,73.0,56.0,89.0,83.0,84.0,83.0,86.0,87.0,85.0,75.0,76.0,74.0,91.0,92.0,90.0,91.0,93.0,90.0,97.0,93.0,100.0,21.621051850106745,30.54837430730232,0.0,30.54837430730232
DEU,Germany,2010,87.0,84.0,89.0,78.0,72.0,83.0,75.0,61.0,89.0,80.0,84.0,77.0,86.0,88.0,85.0,77.0,77.0,76.0,91.0,93.0,90.0,92.0,93.0,90.0,96.0,93.0,100.0,15.565372602727145,30.54837430730232,0.0,30.54837430730232
DEU,Germany,2011,87.0,85.0,89.0,78.0,73.0,83.0,76.0,63.0,88.0,80.0,83.0,78.0,87.0,88.0,85.0,77.0,78.0,77.0,91.0,93.0,90.0,92.0,93.0,90.0,97.0,93.0,100.0,-11.776838286493108,30.54837430730232,0.0,30.54837430730232
DEU,Germany,2012,87.0,85.0,89.0,78.0,74.0,82.0,75.0,64.0,87.0,81.0,84.0,78.0,87.0,88.0,86.0,78.0,78.0,77.0,92.0,94.0,90.0,92.0,93.0,92.0,97.0,94.0,100.0,26.14435662432621,30.54837430730232,0.0,30.54837430730232
DEU,Germany,2013,87.0,85.0,89.0,78.0,74.0,82.0,75.0,64.0,87.0,81.0,84.0,78.0,87.0,89.0,86.0,79.0,80.0,78.0,91.0,93.0,90.0,92.0,93.0,91.0,97.0,94.0,100.0,20.84208888391468,30.54837430730232,0.0,30.54837430730232
DEU,Germany,2014,88.0,85.0,90.0,79.0,74.0,85.0,77.0,64.0,90.0,81.0,83.0,80.0,88.0,89.0,86.0,78.0,79.0,77.0,92.0,94.0,90.0,92.0,92.0,92.0,97.0,94.0,99.0,3.879669660980145,30.54837430730232,0.0,30.54837430730232
DEU,Germany,2015,88.0,86.0,90.0,79.0,75.0,83.0,78.0,67.0,89.0,81.0,84.0,77.0,88.0,89.0,86.0,78.0,79.0,76.0,92.0,95.0,90.0,93.0,92.0,93.0,97.0,94.0,100.0,5.312075945157924,30.54837430730232,0.0,30.54837430730232
DEU,Germany,2016,88.0,86.0,91.0,80.0,75.0,85.0,78.0,66.0,91.0,82.0,84.0,80.0,88.0,89.0,87.0,78.0,79.0,77.0,92.0,95.0,88.0,94.0,92.0,95.0,97.0,95.0,100.0,12.786475623469371,30.54837430730232,0.0,30.54837430730232
DEU,Germany,2017,89.0,87.0,91.0,81.0,76.0,86.0,79.0,67.0,91.0,82.0,85.0,80.0,88.0,89.0,87.0,77.0,78.0,76.0,92.0,95.0,88.0,95.0,94.0,95.0,98.0,96.0,100.0,10.976235371816443,30.54837430730232,0.0,30.54837430730232
DEU,Germany,2018,89.0,87.0,91.0,81.0,76.0,85.0,79.0,68.0,90.0,82.0,85.0,80.0,88.0,89.0,87.0,77.0,79.0,75.0,92.0,95.0,89.0,95.0,93.0,97.0,98.0,96.0,100.0,-17.800719269635977,30.54837430730232,0.0,30.54837430730232
DEU,Germany,2019,89.0,87.0,91.0,81.0,76.0,85.0,79.0,68.0,91.0,83.0,85.0,80.0,88.0,89.0,87.0,76.0,77.0,76.0,92.0,95.0,89.0,95.0,94.0,97.0,97.0,95.0,100.0,26.51880542787984,30.54837430730232,0.0,30.54837430730232
DEU,Germany,2020,88.0,86.0,91.0,80.0,75.0,85.0,77.0,64.0,91.0,83.0,85.0,80.0,88.0,88.0,87.0,76.0,77.0,74.0,92.0,95.0,89.0,95.0,94.0,97.0,98.0,96.0,100.0,2.5460315420744006,30.54837430730232,0.0,30.54837430730232
FRA,France,1992,77.0,71.0,82.0,67.0,50.0,84.0,60.0,34.0,87.0,73.0,66.0,80.0,67.0,67.0,67.0,61.0,59.0,63.0,63.0,60.0,67.0,76.0,81.0,71.0,96.0,98.0,95.0,5.326018629635976,30.54837430730232,0.0,30.54837430730232
FRA,France,1993,78.0,73.0,83.0,70.0,53.0,86.0,61.0,35.0,88.0,78.0,71.0,85.0,67.0,66.0,68.0,60.0,58.0,62.0,64.0,59.0,68.0,76.0,81.0,72.0,97.0,99.0,96.0,24.279751505615543,30.54837430730232,0.0,30.54837430730232
FRA,France,1994,77.0,71.0,84.0,66.0,46.0,86.0,59.0,32.0,85.0,73.0,60.0,86.0,68.0,67.0,69.0,61.0,59.0,63.0,66.0,60.0,73.0,76.0,82.0,70.0,98.0,99.0,97.0,-17.667863543706297,30.54837430730232,0.0,30.54837430730232
FRA,France,1995,77.0,71.0,84.0,66.0,47.0,86.0,59.0,33.0,85.0,73.0,60.0,86.0,68.0,68.0,68.0,62.0,59.0,64.0,65.0,60.0,70.0,77.0,83.0,71.0,98.0,99.0,97.0,1.193064319423076,30.54837430730232,0.0,30.54837430730232
FRA,France,1996,78.0,72.0,84.0,67.0,47.0,86.0,60.0,34.0,85.0,74.0,61.0,88.0,71.0,73.0,69.0,69.0,75.0,64.0,65.0,60.0,70.0,78.0,85.0,72.0,97.0,95.0,98.0,18.266610773422755,30.54837430730232,0.0,30.54837430730232
FRA,France,1997,80.0,73.0,86.0,70.0,52.0,89.0,63.0,37.0,89.0,78.0,68.0,88.0,72.0,73.0,70.0,70.0,75.0,65.0,66.0,60.0,72.0,79.0,85.0,74.0,96.0,95.0,98.0,34.63447053610986,30.54837430730232,0.0,30.54837430730232
FRA,France,1998,80.0,73.0,86.0,72.0,55.0,90.0,64.0,38.0,91.0,81.0,73.0,89.0,70.0,68.0,71.0,63.0,60.0,66.0,67.0,60.0,74.0,80.0,86.0,74.0,97.0,95.0,98.0,36.48928818244646,30.54837430730232,0.0,30.54837430730232
FRA,France,1999,80.0,73.0,87.0,74.0,57.0,91.0,67.0,42.0,92.0,81.0,72.0,90.0,70.0,68.0,72.0,64.0,59.0,69.0,66.0,59.0,74.0,81.0,87.0,74.0,97.0,95.0,98.0,42.67317902350813,30.54837430730232,0.0,30.54837430730232
FRA,France,2000,82.0,75.0,88.0,77.0,61.0,92.0,69.0,46.0,93.0,84.0,77.0,91.0,72.0,70.0,74.0,65.0,59.0,72.0,70.0,64.0,76.0,81.0,88.0,75.0,97.0,95.0,98.0,-2.00207521243263,30.54837430730232,0.0,30.54837430730232
FRA,France,2001,82.0,76.0,88.0,76.0,62.0,91.0,68.0,46.0,90.0,85.0,78.0,91.0,74.0,71.0,76.0,66.0,59.0,73.0,74.0,67.0,81.0,82.0,88.0,76.0,97.0,95.0,98.0,-21.011916415387688,30.54837430730232,0.0,30.54837430730232
FRA,France,2002,82.0,75.0,88.0,75.0,61.0,88.0,68.0,44.0,92.0,81.0,79.0,84.0,75.0,72.0,78.0,67.0,60.0,74.0,75.0,66.0,84.0,83.0,89.0,76.0,96.0,93.0,99.0,-30.24643768385653,30.54837430730232,0.0,30.54837430730232
FRA,France,2003,82.0,76.0,89.0,74.0,61.0,88.0,68.0,41.0,95.0,81.0,81.0,81.0,76.0,73.0,80.0,68.0,62.0,74.0,75.0,66.0,84.0,86.0,90.0,82.0,96.0,94.0,99.0,12.575195147448229,30.54837430730232,0.0,30.54837430730232
FRA,France,2004,84.0,78.0,89.0,75.0,62.0,87.0,67.0,41.0,93.0,82.0,83.0,82.0,80.0,79.0,81.0,76.0,78.0,75.0,75.0,66.0,84.0,88.0,92.0,84.0,97.0,94.0,99.0,7.197506116548036,30.54837430730232,0.0,30.54837430730232
FRA,France,2005,84.0,79.0,88.0,75.0,64.0,85.0,67.0,43.0,90.0,83.0,86.0,80.0,80.0,79.0,80.0,77.0,78.0,75.0,76.0,66.0,86.0,86.0,92.0,81.0,97.0,95.0,99.0,23.322475499068275,30.54837430730232,0.0,30.54837430730232
FRA,France,2006,85.0,81.0,88.0,76.0,66.0,85.0,66.0,44.0,89.0,85.0,88.0,82.0,81.0,80.0,81.0,78.0,80.0,76.0,78.0,69.0,86.0,86.0,92.0,81.0,97.0,96.0,99.0,18.145207871955947,30.54837430730232,0.0,30.54837430730232
FRA,France,2007,86.0,83.0,89.0,76.0,66.0,86.0,67.0,44.0,90.0,86.0,89.0,83.0,84.0,86.0,83.0,80.0,82.0,77.0,86.0,83.0,89.0,87.0,92.0,82.0,98.0,97.0,99.0,-1.198888871088033,30.54837430730232,0.0,30.54837430730232
FRA,France,2008,86.0,83.0,89.0,75.0,66.0,84.0,67.0,46.0,88.0,83.0,86.0,80.0,85.0,86.0,83.0,80.0,82.0,78.0,86.0,83.0,89.0,87.0,94.0,81.0,98.0,97.0,99.0,-39.64914058996427,30.54837430730232,0.0,30.54837430730232
FRA,France,2009,86.0,82.0,89.0,74.0,63.0,85.0,65.0,41.0,89.0,84.0,86.0,81.0,85.0,86.0,84.0,81.0,83.0,78.0,87.0,84.0,91.0,87.0,93.0,82.0,98.0,97.0,99.0,19.83109242440621,30.54837430730232,0.0,30.54837430730232
FRA,France,2010,86.0,83.0,90.0,76.0,66.0,86.0,67.0,45.0,89.0,84.0,86.0,82.0,86.0,87.0,84.0,81.0,83.0,79.0,88.0,86.0,91.0,87.0,93.0,82.0,98.0,97.0,99.0,-2.81790596342274,30.54837430730232,0.0,30.54837430730232
FRA,France,2011,87.0,84.0,89.0,75.0,67.0,84.0,68.0,48.0,87.0,82.0,85.0,80.0,87.0,88.0,85.0,82.0,84.0,80.0,89.0,87.0,91.0,89.0,93.0,85.0,98.0,96.0,99.0,-17.39514062552512,30.54837430730232,0.0,30.54837430730232
FRA,France,2012,87.0,84.0,90.0,75.0,68.0,83.0,69.0,50.0,87.0,82.0,86.0,78.0,88.0,88.0,87.0,83.0,84.0,81.0,90.0,88.0,91.0,90.0,93.0,88.0,98.0,96.0,99.0,15.87778605344008,30.54837430730232,0.0,30.54837430730232
FRA,France,2013,87.0,84.0,89.0,75.0,68.0,82.0,68.0,50.0,86.0,82.0,86.0,78.0,88.0,89.0,87.0,83.0,84.0,82.0,90.0,88.0,92.0,91.0,94.0,87.0,98.0,96.0,99.0,13.21261815868584,30.54837430730232,0.0,30.54837430730232
FRA,France,2014,88.0,84.0,91.0,78.0,68.0,87.0,72.0,52.0,92.0,83.0,85.0,82.0,88.0,89.0,87.0,83.0,85.0,82.0,90.0,87.0,92.0,91.0,94.0,87.0,98.0,96.0,100.0,0.5916381499043277,30.54837430730232,0.0,30.54837430730232
FRA,France,2015,88.0,85.0,90.0,77.0,70.0,85.0,71.0,53.0,89.0,83.0,86.0,80.0,88.0,88.0,87.0,83.0,85.0,82.0,89.0,87.0,91.0,90.0,94.0,87.0,98.0,96.0,100.0,6.353287287555642,30.54837430730232,0.0,30.54837430730232
FRA,France,2016,88.0,85.0,91.0,78.0,70.0,86.0,71.0,53.0,89.0,84.0,86.0,82.0,88.0,88.0,87.0,83.0,85.0,82.0,88.0,87.0,90.0,91.0,94.0,88.0,98.0,96.0,100.0,7.958734404637546,30.54837430730232,0.0,30.54837430730232
FRA,France,2017,87.0,85.0,90.0,78.0,71.0,86.0,72.0,54.0,90.0,85.0,88.0,82.0,87.0,88.0,85.0,83.0,85.0,82.0,88.0,85.0,91.0,88.0,94.0,82.0,98.0,96.0,100.0,8.320122563176158,30.54837430730232,0.0,30.54837430730232
FRA,France,2018,88.0,85.0,90.0,79.0,71.0,86.0,73.0,55.0,90.0,85.0,88.0,82.0,87.0,88.0,85.0,83.0,84.0,82.0,89.0,86.0,91.0,89.0,95.0,83.0,98.0,96.0,100.0,-11.33021971788375,30.54837430730232,0.0,30.54837430730232
FRA,France,2019,88.0,85.0,91.0,79.0,72.0,87.0,73.0,55.0,91.0,86.0,89.0,82.0,86.0,88.0,85.0,82.0,84.0,81.0,88.0,85.0,92.0,89.0,95.0,83.0,98.0,96.0,100.0,28.833387711408086,30.54837430730232,0.0,30.54837430730232
FRA,France,2020,87.0,84.0,90.0,77.0,69.0,85.0,69.0,49.0,89.0,85.0,88.0,82.0,86.0,87.0,85.0,81.0,82.0,80.0,88.0,84.0,92.0,89.0,94.0,83.0,98.0,96.0,100.0,-7.490523876520728,30.54837430730232,0.0,30.54837430730232
HKG,"Hong Kong SAR, China",1990,56.0,68.0,44.0,78.0,90.0,67.0,79.0,86.0,72.0,78.0,94.0,61.0,73.0,81.0,63.0,73.0,88.0,58.0,65.0,69.0,62.0,81.0,88.0,71.0,18.0,31.0,4.0,6.796796913540848,30.54837430730232,0.0,30.54837430730232
HKG,"Hong Kong SAR, China",1991,56.0,68.0,44.0,78.0,90.0,67.0,79.0,86.0,72.0,78.0,95.0,61.0,73.0,82.0,64.0,73.0,88.0,59.0,65.0,69.0,62.0,83.0,88.0,74.0,18.0,31.0,5.0,41.92675024744308,30.54837430730232,0.0,30.54837430730232
HKG,"Hong Kong SAR, China",1992,58.0,67.0,48.0,78.0,90.0,66.0,78.0,85.0,72.0,78.0,95.0,61.0,75.0,82.0,67.0,74.0,88.0,60.0,68.0,69.0,67.0,83.0,89.0,76.0,22.0,30.0,13.0,26.40755155551404,30.54837430730232,0.0,30.54837430730232
HKG,"Hong Kong SAR, China",1993,59.0,67.0,51.0,81.0,90.0,72.0,78.0,84.0,71.0,84.0,95.0,72.0,75.0,82.0,67.0,74.0,88.0,60.0,68.0,69.0,68.0,84.0,89.0,77.0,23.0,30.0,15.0,122.26820487212495,30.54837430730232,0.0,30.54837430730232
HKG,"Hong Kong SAR, China",1994,61.0,67.0,54.0,82.0,90.0,74.0,78.0,84.0,71.0,86.0,95.0,77.0,76.0,82.0,69.0,74.0,88.0,61.0,70.0,69.0,70.0,85.0,89.0,78.0,25.0,30.0,20.0,-35.10031770984157,30.54837430730232,0.0,30.54837430730232
HKG,"Hong Kong SAR, China",1995,61.0,67.0,55.0,83.0,90.0,75.0,78.0,85.0,71.0,87.0,96.0,78.0,77.0,82.0,71.0,75.0,88.0,61.0,72.0,70.0,74.0,86.0,90.0,79.0,25.0,29.0,21.0,30.096509094778146,30.54837430730232,0.0,30.54837430730232
HKG,"Hong Kong SAR, China",1996,62.0,67.0,56.0,83.0,90.0,75.0,78.0,85.0,72.0,87.0,96.0,79.0,77.0,82.0,70.0,75.0,88.0,62.0,72.0,69.0,76.0,83.0,90.0,73.0,26.0,29.0,23.0,29.382942336213304,30.54837430730232,0.0,30.54837430730232
HKG,"Hong Kong SAR, China",1997,62.0,67.0,57.0,84.0,90.0,77.0,78.0,84.0,72.0,89.0,96.0,82.0,76.0,83.0,69.0,76.0,88.0,64.0,71.0,70.0,71.0,83.0,91.0,73.0,27.0,29.0,25.0,-19.107205140881742,30.54837430730232,0.0,30.54837430730232
HKG,"Hong Kong SAR, China",1998,62.0,67.0,57.0,84.0,89.0,78.0,78.0,83.0,72.0,90.0,96.0,84.0,77.0,84.0,70.0,77.0,88.0,66.0,72.0,73.0,72.0,83.0,91.0,73.0,27.0,29.0,25.0,-8.158996054865675,30.54837430730232,0.0,30.54837430730232
HKG,"Hong Kong SAR, China",1999,63.0,68.0,58.0,84.0,90.0,78.0,78.0,83.0,73.0,91.0,97.0,84.0,79.0,84.0,72.0,78.0,88.0,68.0,75.0,74.0,76.0,84.0,91.0,73.0,27.0,29.0,25.0,77.07544141936005,30.54837430730232,0.0,30.54837430730232
HKG,"Hong Kong SAR, China",2000,63.0,68.0,59.0,84.0,90.0,79.0,78.0,83.0,73.0,91.0,97.0,85.0,80.0,85.0,74.0,78.0,86.0,70.0,78.0,78.0,78.0,84.0,92.0,73.0,27.0,29.0,25.0,-14.391154966914122,30.54837430730232,0.0,30.54837430730232
HKG,"Hong Kong SAR, China",2001,64.0,68.0,60.0,84.0,90.0,79.0,78.0,83.0,73.0,91.0,97.0,85.0,81.0,86.0,76.0,79.0,87.0,71.0,80.0,79.0,82.0,85.0,93.0,75.0,27.0,28.0,25.0,-23.66580299138253,30.54837430730232,0.0,30.54837430730232
HKG,"Hong Kong SAR, China",2002,64.0,68.0,60.0,83.0,89.0,78.0,78.0,82.0,73.0,89.0,96.0,82.0,83.0,88.0,77.0,80.0,88.0,72.0,81.0,80.0,83.0,87.0,94.0,77.0,27.0,28.0,26.0,-17.490585902926593,30.54837430730232,0.0,30.54837430730232
HKG,"Hong Kong SAR, China",2003,65.0,68.0,61.0,84.0,89.0,79.0,78.0,82.0,74.0,90.0,96.0,84.0,84.0,88.0,79.0,81.0,88.0,74.0,83.0,81.0,85.0,88.0,94.0,79.0,27.0,28.0,26.0,36.68735087252768,30.54837430730232,0.0,30.54837430730232
HKG,"Hong Kong SAR, China",2004,65.0,69.0,61.0,84.0,90.0,78.0,77.0,83.0,72.0,90.0,97.0,84.0,85.0,89.0,81.0,82.0,88.0,75.0,84.0,82.0,87.0,90.0,96.0,81.0,27.0,28.0,26.0,11.216979161121255,30.54837430730232,0.0,30.54837430730232
HKG,"Hong Kong SAR, China",2005,66.0,70.0,61.0,84.0,90.0,78.0,78.0,83.0,74.0,90.0,98.0,83.0,86.0,90.0,81.0,82.0,89.0,75.0,85.0,84.0,87.0,90.0,96.0,82.0,28.0,29.0,27.0,4.968242876646478,30.54837430730232,0.0,30.54837430730232
HKG,"Hong Kong SAR, China",2006,66.0,70.0,62.0,85.0,91.0,79.0,79.0,83.0,75.0,90.0,98.0,83.0,87.0,91.0,82.0,82.0,89.0,75.0,88.0,88.0,87.0,91.0,97.0,83.0,28.0,29.0,27.0,35.90159219250588,30.54837430730232,0.0,30.54837430730232
HKG,"Hong Kong SAR, China",2007,67.0,71.0,62.0,85.0,91.0,80.0,79.0,83.0,76.0,91.0,98.0,85.0,89.0,95.0,82.0,83.0,90.0,76.0,93.0,99.0,87.0,91.0,97.0,83.0,28.0,29.0,27.0,35.69805834854331,30.54837430730232,0.0,30.54837430730232
HKG,"Hong Kong SAR, China",2008,67.0,72.0,62.0,85.0,91.0,80.0,80.0,84.0,76.0,91.0,98.0,84.0,89.0,95.0,82.0,83.0,90.0,76.0,93.0,99.0,87.0,92.0,97.0,83.0,28.0,29.0,27.0,-45.418991104285965,30.54837430730232,0.0,30.54837430730232
HKG,"Hong Kong SAR, China",2009,67.0,71.0,62.0,85.0,90.0,79.0,80.0,83.0,76.0,90.0,98.0,82.0,89.0,95.0,82.0,83.0,89.0,76.0,93.0,98.0,87.0,92.0,97.0,85.0,28.0,29.0,27.0,45.07448994102803,30.54837430730232,0.0,30.54837430730232
HKG,"Hong Kong SAR, China",2010,67.0,72.0,62.0,84.0,91.0,77.0,79.0,83.0,76.0,88.0,98.0,79.0,89.0,95.0,82.0,83.0,90.0,76.0,93.0,98.0,87.0,92.0,97.0,85.0,28.0,29.0,27.0,7.390142782070352,30.54837430730232,0.0,30.54837430730232
HKG,"Hong Kong SAR, China",2011,67.0,72.0,62.0,84.0,90.0,78.0,79.0,83.0,76.0,89.0,98.0,79.0,90.0,96.0,83.0,84.0,92.0,76.0,93.0,98.0,87.0,93.0,97.0,86.0,28.0,29.0,27.0,-19.4514026228344,30.54837430730232,0.0,30.54837430730232
HKG,"Hong Kong SAR, China",2012,67.0,72.0,62.0,84.0,90.0,78.0,79.0,82.0,76.0,89.0,98.0,80.0,90.0,96.0,83.0,84.0,92.0,76.0,93.0,98.0,88.0,93.0,97.0,86.0,28.0,29.0,27.0,23.49141250318332,30.54837430730232,0.0,30.54837430730232
HKG,"Hong Kong SAR, China",2013,67.0,71.0,62.0,84.0,90.0,78.0,79.0,82.0,75.0,89.0,98.0,81.0,90.0,96.0,83.0,85.0,93.0,76.0,93.0,98.0,87.0,92.0,96.0,86.0,28.0,29.0,28.0,0.1204114768369901,30.54837430730232,0.0,30.54837430730232
HKG,"Hong Kong SAR, China",2014,68.0,72.0,63.0,85.0,90.0,81.0,80.0,82.0,77.0,91.0,98.0,84.0,90.0,96.0,84.0,84.0,93.0,76.0,93.0,98.0,88.0,93.0,96.0,89.0,29.0,30.0,28.0,1.6334583127813884,30.54837430730232,0.0,30.54837430730232
HKG,"Hong Kong SAR, China",2015,67.0,71.0,63.0,84.0,89.0,79.0,78.0,80.0,76.0,90.0,98.0,82.0,90.0,96.0,84.0,85.0,93.0,76.0,93.0,97.0,88.0,94.0,96.0,91.0,29.0,30.0,28.0,-10.092961259527556,30.54837430730232,0.0,30.54837430730232
HKG,"Hong Kong SAR, China",2016,66.0,69.0,63.0,84.0,89.0,79.0,79.0,81.0,77.0,90.0,98.0,81.0,87.0,89.0,85.0,84.0,93.0,76.0,93.0,98.0,89.0,83.0,78.0,92.0,29.0,30.0,29.0,3.860255556035219,30.54837430730232,0.0,30.54837430730232
HKG,"Hong Kong SAR, China",2017,67.0,70.0,63.0,84.0,89.0,79.0,79.0,81.0,77.0,90.0,98.0,82.0,87.0,90.0,85.0,84.0,93.0,75.0,94.0,100.0,88.0,84.0,77.0,93.0,29.0,30.0,29.0,37.76414624089597,30.54837430730232,0.0,30.54837430730232
HKG,"Hong Kong SAR, China",2018,68.0,72.0,63.0,84.0,89.0,79.0,79.0,81.0,77.0,90.0,98.0,82.0,91.0,96.0,85.0,83.0,92.0,75.0,95.0,100.0,89.0,95.0,96.0,94.0,29.0,30.0,29.0,-17.646748468227923,30.54837430730232,0.0,30.54837430730232
HKG,"Hong Kong SAR, China",2019,68.0,72.0,64.0,85.0,89.0,80.0,79.0,81.0,78.0,90.0,98.0,82.0,91.0,96.0,85.0,83.0,91.0,75.0,95.0,100.0,89.0,96.0,97.0,94.0,29.0,30.0,29.0,13.581864160268363,30.54837430730232,0.0,30.54837430730232
HKG,"Hong Kong SAR, China",2020,67.0,71.0,64.0,84.0,87.0,80.0,77.0,77.0,78.0,90.0,98.0,82.0,90.0,95.0,85.0,81.0,87.0,75.0,95.0,100.0,90.0,96.0,97.0,94.0,30.0,30.0,29.0,-3.751149122462816,30.54837430730232,0.0,30.54837430730232
IND,India,1991,33.0,38.0,28.0,16.0,19.0,13.0,19.0,22.0,17.0,13.0,17.0,8.0,17.0,11.0,23.0,10.0,9.0,12.0,20.0,17.0,24.0,19.0,6.0,33.0,66.0,84.0,48.0,79.59554789151906,30.54837430730232,0.0,30.54837430730232
IND,India,1992,33.0,39.0,28.0,16.0,19.0,13.0,19.0,22.0,17.0,13.0,17.0,8.0,16.0,11.0,22.0,11.0,9.0,12.0,21.0,17.0,25.0,18.0,7.0,29.0,68.0,86.0,50.0,30.04434202716384,30.54837430730232,0.0,30.54837430730232
IND,India,1993,35.0,40.0,30.0,17.0,21.0,13.0,20.0,22.0,17.0,14.0,19.0,8.0,17.0,11.0,23.0,11.0,9.0,13.0,22.0,17.0,27.0,18.0,7.0,30.0,70.0,87.0,54.0,45.47870912312733,30.54837430730232,0.0,30.54837430730232
IND,India,1994,38.0,40.0,35.0,19.0,22.0,16.0,20.0,23.0,17.0,17.0,20.0,14.0,18.0,12.0,24.0,12.0,10.0,14.0,23.0,17.0,29.0,19.0,8.0,30.0,77.0,88.0,66.0,9.089231337085902,30.54837430730232,0.0,30.54837430730232
IND,India,1995,39.0,40.0,39.0,20.0,22.0,18.0,20.0,24.0,16.0,20.0,20.0,19.0,19.0,13.0,26.0,12.0,10.0,14.0,26.0,19.0,32.0,20.0,9.0,31.0,79.0,86.0,73.0,-23.193199120284223,30.54837430730232,0.0,30.54837430730232
IND,India,1996,41.0,42.0,41.0,21.0,22.0,20.0,20.0,24.0,16.0,22.0,20.0,24.0,23.0,18.0,27.0,12.0,10.0,15.0,28.0,21.0,35.0,27.0,23.0,32.0,81.0,86.0,75.0,3.473530027202343,30.54837430730232,0.0,30.54837430730232
IND,India,1997,43.0,43.0,43.0,22.0,23.0,22.0,21.0,25.0,18.0,23.0,21.0,26.0,24.0,20.0,29.0,13.0,11.0,16.0,31.0,24.0,38.0,28.0,24.0,33.0,82.0,85.0,79.0,15.076366345590976,30.54837430730232,0.0,30.54837430730232
IND,India,1998,44.0,43.0,44.0,24.0,24.0,23.0,22.0,26.0,19.0,25.0,22.0,28.0,25.0,20.0,31.0,13.0,10.0,16.0,33.0,25.0,42.0,29.0,24.0,34.0,82.0,85.0,79.0,-17.610062893081768,30.54837430730232,0.0,30.54837430730232
IND,India,1999,45.0,43.0,46.0,24.0,25.0,24.0,23.0,28.0,19.0,25.0,23.0,28.0,26.0,19.0,33.0,14.0,10.0,17.0,33.0,22.0,44.0,32.0,25.0,38.0,84.0,85.0,82.0,78.73821284238889,30.54837430730232,0.0,30.54837430730232
IND,India,2000,46.0,45.0,47.0,26.0,28.0,25.0,26.0,30.0,21.0,27.0,25.0,28.0,28.0,21.0,34.0,14.0,11.0,18.0,36.0,27.0,44.0,33.0,26.0,39.0,85.0,87.0,83.0,-21.222208265293308,30.54837430730232,0.0,30.54837430730232
IND,India,2001,49.0,46.0,51.0,31.0,29.0,33.0,34.0,31.0,38.0,28.0,27.0,29.0,29.0,22.0,35.0,15.0,11.0,19.0,38.0,30.0,45.0,33.0,26.0,40.0,86.0,87.0,85.0,-15.865422945068964,30.54837430730232,0.0,30.54837430730232
IND,India,2002,51.0,46.0,55.0,37.0,30.0,45.0,35.0,32.0,38.0,40.0,28.0,52.0,29.0,23.0,36.0,16.0,11.0,20.0,39.0,31.0,47.0,33.0,26.0,41.0,86.0,86.0,85.0,4.245238320856615,30.54837430730232,0.0,30.54837430730232
IND,India,2003,52.0,47.0,57.0,38.0,30.0,46.0,36.0,33.0,40.0,40.0,28.0,53.0,32.0,24.0,40.0,17.0,12.0,22.0,39.0,32.0,47.0,40.0,27.0,52.0,87.0,87.0,86.0,73.8205617671121,30.54837430730232,0.0,30.54837430730232
IND,India,2004,53.0,50.0,57.0,38.0,33.0,44.0,35.0,37.0,33.0,42.0,29.0,55.0,35.0,29.0,42.0,18.0,12.0,23.0,44.0,39.0,50.0,44.0,35.0,53.0,86.0,88.0,85.0,10.6055851898337,30.54837430730232,0.0,30.54837430730232
IND,India,2005,55.0,52.0,59.0,42.0,36.0,47.0,41.0,42.0,39.0,43.0,31.0,55.0,37.0,31.0,44.0,19.0,14.0,25.0,47.0,42.0,52.0,46.0,38.0,54.0,87.0,89.0,86.0,34.08510638297872,30.54837430730232,0.0,30.54837430730232
IND,India,2006,57.0,54.0,60.0,44.0,40.0,48.0,45.0,46.0,43.0,43.0,33.0,53.0,39.0,33.0,45.0,21.0,14.0,27.0,48.0,44.0,52.0,47.0,40.0,55.0,89.0,89.0,88.0,41.3096371522268,30.54837430730232,0.0,30.54837430730232
IND,India,2007,58.0,55.0,62.0,44.0,39.0,50.0,45.0,44.0,46.0,44.0,35.0,53.0,40.0,35.0,46.0,22.0,16.0,28.0,50.0,46.0,53.0,49.0,42.0,56.0,90.0,90.0,90.0,53.32385087587963,30.54837430730232,0.0,30.54837430730232
IND,India,2008,59.0,57.0,62.0,46.0,45.0,47.0,49.0,51.0,46.0,43.0,39.0,47.0,43.0,36.0,49.0,24.0,18.0,30.0,51.0,49.0,54.0,53.0,42.0,64.0,90.0,90.0,89.0,-50.63066582035383,30.54837430730232,0.0,30.54837430730232
IND,India,2009,60.0,58.0,62.0,43.0,39.0,46.0,43.0,39.0,47.0,42.0,39.0,44.0,47.0,43.0,51.0,26.0,19.0,33.0,61.0,69.0,54.0,54.0,42.0,65.0,90.0,90.0,90.0,72.48631898200037,30.54837430730232,0.0,30.54837430730232
IND,India,2010,61.0,58.0,64.0,44.0,40.0,48.0,46.0,42.0,50.0,42.0,37.0,47.0,48.0,44.0,52.0,28.0,20.0,35.0,64.0,72.0,56.0,53.0,40.0,65.0,91.0,91.0,91.0,17.68663277397655,30.54837430730232,0.0,30.54837430730232
IND,India,2011,62.0,59.0,64.0,44.0,41.0,48.0,48.0,47.0,49.0,41.0,36.0,46.0,49.0,46.0,52.0,29.0,23.0,36.0,65.0,73.0,56.0,53.0,42.0,65.0,91.0,91.0,92.0,-24.69955826945564,30.54837430730232,0.0,30.54837430730232
IND,India,2012,62.0,60.0,63.0,44.0,43.0,46.0,48.0,48.0,48.0,41.0,38.0,44.0,50.0,47.0,53.0,30.0,24.0,37.0,65.0,74.0,56.0,55.0,44.0,65.0,91.0,91.0,92.0,28.34127720145793,30.54837430730232,0.0,30.54837430730232
IND,India,2013,62.0,60.0,63.0,44.0,43.0,45.0,48.0,48.0,48.0,40.0,38.0,42.0,50.0,48.0,53.0,30.0,24.0,37.0,66.0,76.0,56.0,55.0,43.0,67.0,91.0,91.0,92.0,5.895005713517509,30.54837430730232,0.0,30.54837430730232
IND,India,2014,62.0,60.0,63.0,43.0,42.0,45.0,42.0,45.0,38.0,45.0,39.0,51.0,51.0,48.0,53.0,31.0,25.0,37.0,66.0,76.0,56.0,55.0,43.0,67.0,91.0,91.0,91.0,31.45867716135584,30.54837430730232,0.0,30.54837430730232
IND,India,2015,61.0,60.0,62.0,40.0,40.0,40.0,39.0,41.0,36.0,42.0,39.0,45.0,51.0,48.0,53.0,31.0,26.0,37.0,66.0,76.0,56.0,54.0,42.0,67.0,92.0,91.0,92.0,-3.872525350072431,30.54837430730232,0.0,30.54837430730232
IND,India,2016,61.0,59.0,62.0,39.0,38.0,40.0,38.0,39.0,37.0,41.0,38.0,44.0,51.0,49.0,54.0,32.0,26.0,38.0,67.0,78.0,56.0,55.0,43.0,67.0,92.0,90.0,93.0,2.7162447257383926,30.54837430730232,0.0,30.54837430730232
IND,India,2017,61.0,59.0,64.0,41.0,38.0,45.0,44.0,39.0,49.0,38.0,36.0,40.0,51.0,49.0,53.0,32.0,26.0,37.0,67.0,78.0,55.0,55.0,44.0,67.0,92.0,90.0,93.0,27.58175927623936,30.54837430730232,0.0,30.54837430730232
IND,India,2018,63.0,62.0,64.0,43.0,40.0,46.0,47.0,42.0,52.0,38.0,37.0,39.0,55.0,56.0,53.0,32.0,26.0,37.0,68.0,81.0,56.0,64.0,62.0,67.0,92.0,90.0,93.0,4.547436407280903,30.54837430730232,0.0,30.54837430730232
IND,India,2019,63.0,62.0,64.0,42.0,39.0,45.0,46.0,41.0,52.0,37.0,37.0,38.0,55.0,56.0,53.0,31.0,25.0,37.0,70.0,81.0,58.0,64.0,62.0,65.0,92.0,90.0,93.0,11.662587877288022,30.54837430730232,0.0,30.54837430730232
IND,India,2020,63.0,62.0,64.0,42.0,39.0,45.0,46.0,38.0,53.0,39.0,39.0,38.0,54.0,56.0,52.0,31.0,25.0,37.0,70.0,81.0,60.0,62.0,63.0,60.0,92.0,91.0,93.0,15.070798276215893,30.54837430730232,0.0,30.54837430730232
JPN,Japan,1990,55.0,51.0,60.0,43.0,31.0,55.0,33.0,22.0,45.0,53.0,41.0,65.0,59.0,51.0,67.0,53.0,51.0,54.0,50.0,45.0,55.0,73.0,56.0,91.0,65.0,72.0,58.0,-37.8264288267884,30.54837430730232,0.0,30.54837430730232
JPN,Japan,1991,57.0,51.0,62.0,43.0,30.0,55.0,33.0,21.0,45.0,52.0,40.0,65.0,59.0,50.0,67.0,53.0,51.0,55.0,50.0,45.0,56.0,73.0,56.0,91.0,68.0,71.0,65.0,-1.1134571264995283,30.54837430730232,0.0,30.54837430730232
JPN,Japan,1992,60.0,56.0,64.0,42.0,30.0,55.0,33.0,22.0,45.0,51.0,38.0,65.0,59.0,51.0,67.0,53.0,51.0,55.0,52.0,45.0,59.0,71.0,56.0,87.0,79.0,88.0,69.0,-28.59984252881579,30.54837430730232,0.0,30.54837430730232
JPN,Japan,1993,60.0,56.0,64.0,43.0,29.0,56.0,33.0,21.0,46.0,52.0,37.0,66.0,59.0,51.0,68.0,53.0,51.0,54.0,54.0,45.0,63.0,72.0,56.0,87.0,80.0,90.0,69.0,2.21053449201134,30.54837430730232,0.0,30.54837430730232
JPN,Japan,1994,61.0,56.0,65.0,42.0,29.0,56.0,33.0,21.0,45.0,52.0,37.0,67.0,60.0,52.0,68.0,53.0,51.0,54.0,56.0,49.0,64.0,72.0,57.0,87.0,79.0,88.0,70.0,13.323745778578132,30.54837430730232,0.0,30.54837430730232
JPN,Japan,1995,58.0,50.0,65.0,42.0,29.0,56.0,34.0,21.0,46.0,51.0,36.0,66.0,61.0,53.0,69.0,53.0,51.0,55.0,58.0,51.0,66.0,73.0,59.0,87.0,70.0,69.0,71.0,4.744757681857981,30.54837430730232,0.0,30.54837430730232
JPN,Japan,1996,62.0,57.0,66.0,44.0,30.0,58.0,35.0,22.0,47.0,54.0,39.0,68.0,63.0,54.0,71.0,54.0,52.0,57.0,60.0,52.0,68.0,73.0,60.0,87.0,79.0,87.0,71.0,-5.68435347754389,30.54837430730232,0.0,30.54837430730232
JPN,Japan,1997,64.0,58.0,69.0,46.0,32.0,61.0,37.0,23.0,51.0,56.0,41.0,71.0,64.0,56.0,72.0,55.0,52.0,58.0,63.0,56.0,70.0,74.0,61.0,87.0,80.0,87.0,73.0,-23.085261750488527,30.54837430730232,0.0,30.54837430730232
JPN,Japan,1998,65.0,59.0,72.0,48.0,32.0,64.0,38.0,22.0,54.0,58.0,42.0,74.0,67.0,57.0,77.0,55.0,51.0,59.0,70.0,57.0,84.0,75.0,62.0,87.0,81.0,87.0,76.0,-10.302644141409557,30.54837430730232,0.0,30.54837430730232
JPN,Japan,1999,66.0,58.0,73.0,49.0,30.0,68.0,40.0,21.0,59.0,58.0,39.0,77.0,68.0,59.0,77.0,56.0,52.0,59.0,73.0,60.0,86.0,75.0,63.0,87.0,81.0,87.0,75.0,41.64442314300432,30.54837430730232,0.0,30.54837430730232
JPN,Japan,2000,67.0,59.0,75.0,51.0,30.0,72.0,43.0,22.0,63.0,59.0,38.0,80.0,69.0,59.0,79.0,57.0,53.0,61.0,75.0,63.0,87.0,75.0,63.0,87.0,81.0,87.0,75.0,-27.95037168089435,30.54837430730232,0.0,30.54837430730232
JPN,Japan,2001,67.0,60.0,75.0,51.0,32.0,71.0,42.0,23.0,61.0,61.0,41.0,80.0,69.0,60.0,79.0,57.0,52.0,63.0,76.0,65.0,86.0,75.0,63.0,87.0,81.0,87.0,76.0,-20.596735636515817,30.54837430730232,0.0,30.54837430730232
JPN,Japan,2002,67.0,61.0,72.0,46.0,33.0,60.0,44.0,24.0,63.0,49.0,42.0,57.0,71.0,61.0,80.0,59.0,54.0,63.0,78.0,66.0,91.0,75.0,63.0,87.0,83.0,89.0,77.0,-19.851556686341983,30.54837430730232,0.0,30.54837430730232
JPN,Japan,2003,68.0,62.0,74.0,49.0,34.0,65.0,45.0,25.0,65.0,54.0,43.0,65.0,71.0,62.0,81.0,58.0,53.0,64.0,80.0,69.0,91.0,75.0,63.0,88.0,83.0,89.0,77.0,24.236887619314302,30.54837430730232,0.0,30.54837430730232
JPN,Japan,2004,69.0,62.0,75.0,50.0,36.0,65.0,45.0,26.0,65.0,55.0,45.0,65.0,72.0,63.0,81.0,60.0,55.0,65.0,81.0,70.0,92.0,76.0,65.0,88.0,83.0,88.0,78.0,6.397867192847784,30.54837430730232,0.0,30.54837430730232
JPN,Japan,2005,69.0,63.0,75.0,52.0,37.0,66.0,46.0,26.0,65.0,58.0,49.0,66.0,73.0,65.0,81.0,60.0,56.0,64.0,81.0,72.0,91.0,77.0,66.0,89.0,82.0,87.0,78.0,42.055002062034696,30.54837430730232,0.0,30.54837430730232
JPN,Japan,2006,70.0,66.0,75.0,52.0,41.0,64.0,44.0,28.0,61.0,61.0,54.0,67.0,76.0,70.0,82.0,60.0,55.0,65.0,82.0,73.0,92.0,86.0,83.0,89.0,83.0,87.0,79.0,6.063793505990245,30.54837430730232,0.0,30.54837430730232
JPN,Japan,2007,72.0,69.0,75.0,54.0,44.0,64.0,46.0,30.0,62.0,62.0,59.0,66.0,79.0,76.0,81.0,60.0,55.0,64.0,90.0,88.0,91.0,86.0,84.0,89.0,84.0,87.0,80.0,-15.341192958031346,30.54837430730232,0.0,30.54837430730232
JPN,Japan,2008,73.0,68.0,77.0,58.0,44.0,71.0,53.0,31.0,75.0,62.0,58.0,67.0,77.0,72.0,82.0,55.0,45.0,64.0,90.0,89.0,92.0,86.0,83.0,88.0,83.0,87.0,79.0,-38.44620768190391,30.54837430730232,0.0,30.54837430730232
JPN,Japan,2009,73.0,67.0,79.0,57.0,41.0,73.0,51.0,25.0,78.0,62.0,57.0,68.0,77.0,72.0,82.0,55.0,44.0,66.0,91.0,89.0,92.0,85.0,82.0,89.0,84.0,87.0,81.0,17.822056989180734,30.54837430730232,0.0,30.54837430730232
JPN,Japan,2010,73.0,68.0,78.0,57.0,43.0,72.0,52.0,27.0,77.0,62.0,59.0,66.0,78.0,72.0,83.0,56.0,45.0,68.0,91.0,90.0,92.0,85.0,82.0,89.0,85.0,90.0,80.0,-2.4091511892773143,30.54837430730232,0.0,30.54837430730232
JPN,Japan,2011,74.0,69.0,79.0,57.0,43.0,70.0,50.0,27.0,73.0,64.0,60.0,68.0,78.0,73.0,83.0,57.0,46.0,69.0,92.0,91.0,93.0,85.0,82.0,89.0,86.0,90.0,82.0,-17.67621007684096,30.54837430730232,0.0,30.54837430730232
JPN,Japan,2012,75.0,69.0,80.0,59.0,44.0,74.0,52.0,27.0,76.0,66.0,61.0,72.0,78.0,74.0,83.0,57.0,46.0,69.0,92.0,92.0,92.0,86.0,84.0,88.0,87.0,91.0,82.0,24.85949362800244,30.54837430730232,0.0,30.54837430730232
JPN,Japan,2013,75.0,71.0,80.0,61.0,48.0,74.0,53.0,30.0,75.0,69.0,66.0,73.0,79.0,74.0,83.0,57.0,44.0,69.0,92.0,92.0,92.0,87.0,85.0,88.0,87.0,90.0,83.0,48.84652197628952,30.54837430730232,0.0,30.54837430730232
JPN,Japan,2014,76.0,72.0,80.0,62.0,52.0,72.0,55.0,34.0,76.0,69.0,70.0,68.0,80.0,74.0,86.0,57.0,45.0,70.0,92.0,93.0,92.0,90.0,85.0,95.0,86.0,90.0,82.0,9.427627840551931,30.54837430730232,0.0,30.54837430730232
JPN,Japan,2015,78.0,73.0,83.0,66.0,53.0,78.0,56.0,33.0,79.0,75.0,73.0,77.0,80.0,74.0,86.0,57.0,44.0,70.0,93.0,93.0,93.0,90.0,86.0,95.0,88.0,91.0,85.0,5.987060500174923,30.54837430730232,0.0,30.54837430730232
JPN,Japan,2016,78.0,72.0,84.0,65.0,51.0,79.0,55.0,30.0,80.0,76.0,73.0,78.0,80.0,75.0,86.0,57.0,44.0,70.0,93.0,93.0,92.0,91.0,86.0,95.0,88.0,90.0,85.0,6.195768463246942,30.54837430730232,0.0,30.54837430730232
JPN,Japan,2017,78.0,73.0,84.0,67.0,54.0,80.0,56.0,32.0,81.0,77.0,75.0,79.0,81.0,75.0,86.0,58.0,45.0,70.0,93.0,93.0,92.0,91.0,87.0,95.0,87.0,89.0,86.0,19.966000073491298,30.54837430730232,0.0,30.54837430730232
JPN,Japan,2018,78.0,72.0,84.0,67.0,55.0,80.0,57.0,33.0,80.0,78.0,76.0,79.0,80.0,75.0,86.0,58.0,46.0,70.0,93.0,93.0,93.0,90.0,85.0,95.0,87.0,88.0,86.0,-16.780033293159768,30.54837430730232,0.0,30.54837430730232
JPN,Japan,2019,76.0,68.0,84.0,68.0,55.0,80.0,57.0,33.0,80.0,78.0,77.0,80.0,81.0,76.0,86.0,58.0,47.0,70.0,93.0,94.0,93.0,92.0,88.0,95.0,79.0,72.0,86.0,18.622367083870948,30.54837430730232,0.0,30.54837430730232
JPN,Japan,2020,75.0,67.0,84.0,67.0,53.0,80.0,55.0,29.0,80.0,78.0,77.0,80.0,80.0,74.0,86.0,56.0,42.0,70.0,93.0,94.0,93.0,91.0,87.0,95.0,80.0,73.0,87.0,17.468409634878213,30.54837430730232,0.0,30.54837430730232
USA,United States,1990,70.0,64.0,75.0,55.0,33.0,76.0,49.0,22.0,75.0,60.0,44.0,77.0,71.0,68.0,73.0,59.0,65.0,53.0,70.0,61.0,79.0,82.0,77.0,88.0,84.0,92.0,76.0,4.512580527531296,30.54837430730232,0.0,30.54837430730232
USA,United States,1990,70.0,64.0,75.0,55.0,33.0,76.0,49.0,22.0,75.0,60.0,44.0,77.0,71.0,68.0,73.0,59.0,65.0,53.0,70.0,61.0,79.0,82.0,77.0,88.0,84.0,92.0,76.0,4.512580527531296,30.54837430730232,0.0,30.54837430730232
USA,United States,1991,71.0,64.0,78.0,55.0,32.0,77.0,49.0,22.0,76.0,60.0,43.0,78.0,71.0,69.0,73.0,61.0,67.0,54.0,71.0,61.0,80.0,80.0,77.0,83.0,88.0,92.0,84.0,18.85558107754484,30.54837430730232,0.0,30.54837430730232
USA,United States,1991,71.0,64.0,78.0,55.0,32.0,77.0,49.0,22.0,76.0,60.0,43.0,78.0,71.0,69.0,73.0,61.0,67.0,54.0,71.0,61.0,80.0,80.0,77.0,83.0,88.0,92.0,84.0,18.85558107754484,30.54837430730232,0.0,30.54837430730232
USA,United States,1992,71.0,64.0,79.0,55.0,31.0,78.0,49.0,22.0,76.0,60.0,40.0,80.0,71.0,68.0,73.0,60.0,65.0,56.0,71.0,61.0,81.0,81.0,79.0,83.0,89.0,92.0,85.0,7.338910905621598,30.54837430730232,0.0,30.54837430730232
USA,United States,1992,71.0,64.0,79.0,55.0,31.0,78.0,49.0,22.0,76.0,60.0,40.0,80.0,71.0,68.0,73.0,60.0,65.0,56.0,71.0,61.0,81.0,81.0,79.0,83.0,89.0,92.0,85.0,7.338910905621598,30.54837430730232,0.0,30.54837430730232
USA,United States,1993,73.0,66.0,80.0,55.0,32.0,78.0,49.0,23.0,75.0,61.0,41.0,81.0,71.0,69.0,73.0,60.0,65.0,55.0,71.0,61.0,82.0,82.0,80.0,83.0,92.0,96.0,88.0,9.761155932357912,30.54837430730232,0.0,30.54837430730232
USA,United States,1993,73.0,66.0,80.0,55.0,32.0,78.0,49.0,23.0,75.0,61.0,41.0,81.0,71.0,69.0,73.0,60.0,65.0,55.0,71.0,61.0,82.0,82.0,80.0,83.0,92.0,96.0,88.0,9.761155932357912,30.54837430730232,0.0,30.54837430730232
USA,United States,1994,73.0,65.0,81.0,56.0,33.0,79.0,49.0,23.0,75.0,63.0,43.0,84.0,72.0,69.0,75.0,61.0,65.0,56.0,72.0,61.0,83.0,84.0,81.0,87.0,92.0,94.0,89.0,-2.3234567388550897,30.54837430730232,0.0,30.54837430730232
USA,United States,1994,73.0,65.0,81.0,56.0,33.0,79.0,49.0,23.0,75.0,63.0,43.0,84.0,72.0,69.0,75.0,61.0,65.0,56.0,72.0,61.0,83.0,84.0,81.0,87.0,92.0,94.0,89.0,-2.3234567388550897,30.54837430730232,0.0,30.54837430730232
USA,United States,1995,75.0,67.0,82.0,58.0,36.0,79.0,49.0,23.0,75.0,66.0,49.0,84.0,73.0,69.0,76.0,61.0,66.0,56.0,73.0,61.0,85.0,84.0,81.0,86.0,93.0,96.0,90.0,35.20258492411037,30.54837430730232,0.0,30.54837430730232
USA,United States,1995,75.0,67.0,82.0,58.0,36.0,79.0,49.0,23.0,75.0,66.0,49.0,84.0,73.0,69.0,76.0,61.0,66.0,56.0,73.0,61.0,85.0,84.0,81.0,86.0,93.0,96.0,90.0,35.20258492411037,30.54837430730232,0.0,30.54837430730232
USA,United States,1996,75.0,67.0,82.0,59.0,38.0,81.0,50.0,24.0,77.0,69.0,52.0,85.0,73.0,70.0,76.0,62.0,66.0,57.0,73.0,61.0,84.0,84.0,82.0,86.0,92.0,94.0,91.0,23.606175906418024,30.54837430730232,0.0,30.54837430730232
USA,United States,1996,75.0,67.0,82.0,59.0,38.0,81.0,50.0,24.0,77.0,69.0,52.0,85.0,73.0,70.0,76.0,62.0,66.0,57.0,73.0,61.0,84.0,84.0,82.0,86.0,92.0,94.0,91.0,23.606175906418024,30.54837430730232,0.0,30.54837430730232
USA,United States,1997,76.0,68.0,84.0,61.0,40.0,83.0,51.0,24.0,79.0,71.0,55.0,87.0,75.0,70.0,79.0,62.0,66.0,58.0,73.0,61.0,85.0,89.0,83.0,95.0,92.0,93.0,91.0,24.69217462094231,30.54837430730232,0.0,30.54837430730232
USA,United States,1997,76.0,68.0,84.0,61.0,40.0,83.0,51.0,24.0,79.0,71.0,55.0,87.0,75.0,70.0,79.0,62.0,66.0,58.0,73.0,61.0,85.0,89.0,83.0,95.0,92.0,93.0,91.0,24.69217462094231,30.54837430730232,0.0,30.54837430730232
USA,United States,1998,77.0,68.0,86.0,62.0,41.0,84.0,52.0,24.0,80.0,72.0,57.0,87.0,76.0,71.0,82.0,63.0,67.0,59.0,75.0,61.0,89.0,91.0,84.0,97.0,92.0,93.0,92.0,30.5382135716326,30.54837430730232,0.0,30.54837430730232
USA,United States,1998,77.0,68.0,86.0,62.0,41.0,84.0,52.0,24.0,80.0,72.0,57.0,87.0,76.0,71.0,82.0,63.0,67.0,59.0,75.0,61.0,89.0,91.0,84.0,97.0,92.0,93.0,92.0,30.5382135716326,30.54837430730232,0.0,30.54837430730232
USA,United States,1999,77.0,69.0,86.0,64.0,42.0,85.0,53.0,24.0,81.0,75.0,61.0,88.0,77.0,71.0,82.0,64.0,69.0,60.0,75.0,61.0,89.0,90.0,83.0,97.0,92.0,92.0,92.0,8.97283611015598,30.54837430730232,0.0,30.54837430730232
USA,United States,1999,77.0,69.0,86.0,64.0,42.0,85.0,53.0,24.0,81.0,75.0,61.0,88.0,77.0,71.0,82.0,64.0,69.0,60.0,75.0,61.0,89.0,90.0,83.0,97.0,92.0,92.0,92.0,8.97283611015598,30.54837430730232,0.0,30.54837430730232
USA,United States,2000,77.0,69.0,85.0,65.0,45.0,86.0,53.0,25.0,82.0,77.0,64.0,89.0,74.0,70.0,79.0,65.0,70.0,61.0,78.0,65.0,90.0,80.0,75.0,85.0,92.0,93.0,92.0,-2.040216284439856,30.54837430730232,0.0,30.54837430730232
USA,United States,2000,77.0,69.0,85.0,65.0,45.0,86.0,53.0,25.0,82.0,77.0,64.0,89.0,74.0,70.0,79.0,65.0,70.0,61.0,78.0,65.0,90.0,80.0,75.0,85.0,92.0,93.0,92.0,-2.040216284439856,30.54837430730232,0.0,30.54837430730232
USA,United States,2001,78.0,69.0,86.0,65.0,43.0,86.0,53.0,25.0,82.0,76.0,61.0,90.0,76.0,71.0,81.0,66.0,70.0,61.0,79.0,67.0,90.0,84.0,77.0,91.0,92.0,92.0,92.0,-17.2626847534059,30.54837430730232,0.0,30.54837430730232
USA,United States,2001,78.0,69.0,86.0,65.0,43.0,86.0,53.0,25.0,82.0,76.0,61.0,90.0,76.0,71.0,81.0,66.0,70.0,61.0,79.0,67.0,90.0,84.0,77.0,91.0,92.0,92.0,92.0,-17.2626847534059,30.54837430730232,0.0,30.54837430730232
USA,United States,2002,77.0,69.0,86.0,63.0,43.0,82.0,53.0,25.0,80.0,73.0,61.0,84.0,77.0,72.0,83.0,67.0,71.0,62.0,80.0,68.0,91.0,86.0,77.0,95.0,92.0,91.0,93.0,-24.28773668377279,30.54837430730232,0.0,30.54837430730232
USA,United States,2002,77.0,69.0,86.0,63.0,43.0,82.0,53.0,25.0,80.0,73.0,61.0,84.0,77.0,72.0,83.0,67.0,71.0,62.0,80.0,68.0,91.0,86.0,77.0,95.0,92.0,91.0,93.0,-24.28773668377279,30.54837430730232,0.0,30.54837430730232
USA,United States,2003,78.0,70.0,86.0,63.0,45.0,82.0,53.0,25.0,81.0,74.0,64.0,83.0,77.0,73.0,82.0,67.0,72.0,62.0,80.0,70.0,91.0,85.0,77.0,93.0,92.0,91.0,93.0,32.18768259904172,30.54837430730232,0.0,30.54837430730232
USA,United States,2003,78.0,70.0,86.0,63.0,45.0,82.0,53.0,25.0,81.0,74.0,64.0,83.0,77.0,73.0,82.0,67.0,72.0,62.0,80.0,70.0,91.0,85.0,77.0,93.0,92.0,91.0,93.0,32.18768259904172,30.54837430730232,0.0,30.54837430730232
USA,United States,2004,78.0,71.0,85.0,66.0,48.0,83.0,54.0,26.0,82.0,77.0,70.0,84.0,78.0,75.0,81.0,67.0,72.0,61.0,82.0,71.0,92.0,85.0,81.0,90.0,91.0,91.0,92.0,4.432735406186716,30.54837430730232,0.0,30.54837430730232
USA,United States,2004,78.0,71.0,85.0,66.0,48.0,83.0,54.0,26.0,82.0,77.0,70.0,84.0,78.0,75.0,81.0,67.0,72.0,61.0,82.0,71.0,92.0,85.0,81.0,90.0,91.0,91.0,92.0,4.432735406186716,30.54837430730232,0.0,30.54837430730232
USA,United States,2005,78.0,72.0,84.0,65.0,49.0,81.0,54.0,26.0,82.0,76.0,73.0,80.0,79.0,77.0,80.0,67.0,72.0,62.0,82.0,72.0,92.0,87.0,87.0,87.0,92.0,91.0,93.0,8.364726099875552,30.54837430730232,0.0,30.54837430730232
USA,United States,2005,78.0,72.0,84.0,65.0,49.0,81.0,54.0,26.0,82.0,76.0,73.0,80.0,79.0,77.0,80.0,67.0,72.0,62.0,82.0,72.0,92.0,87.0,87.0,87.0,92.0,91.0,93.0,8.364726099875552,30.54837430730232,0.0,30.54837430730232
USA,United States,2006,80.0,74.0,86.0,66.0,52.0,81.0,54.0,26.0,82.0,79.0,77.0,80.0,82.0,80.0,83.0,68.0,75.0,62.0,83.0,73.0,93.0,94.0,93.0,95.0,92.0,91.0,93.0,12.35547778263859,30.54837430730232,0.0,30.54837430730232
USA,United States,2006,80.0,74.0,86.0,66.0,52.0,81.0,54.0,26.0,82.0,79.0,77.0,80.0,82.0,80.0,83.0,68.0,75.0,62.0,83.0,73.0,93.0,94.0,93.0,95.0,92.0,91.0,93.0,12.35547778263859,30.54837430730232,0.0,30.54837430730232
USA,United States,2007,81.0,77.0,86.0,68.0,53.0,82.0,55.0,27.0,83.0,80.0,79.0,82.0,85.0,87.0,82.0,68.0,75.0,62.0,93.0,92.0,94.0,92.0,94.0,91.0,92.0,91.0,94.0,-4.150211369451551,30.54837430730232,0.0,30.54837430730232
USA,United States,2007,81.0,77.0,86.0,68.0,53.0,82.0,55.0,27.0,83.0,80.0,79.0,82.0,85.0,87.0,82.0,68.0,75.0,62.0,93.0,92.0,94.0,92.0,94.0,91.0,92.0,91.0,94.0,-4.150211369451551,30.54837430730232,0.0,30.54837430730232
USA,United States,2008,81.0,76.0,85.0,65.0,51.0,79.0,55.0,28.0,81.0,76.0,75.0,77.0,85.0,87.0,83.0,69.0,76.0,62.0,93.0,93.0,93.0,94.0,93.0,94.0,92.0,91.0,94.0,-40.09067498458525,30.54837430730232,0.0,30.54837430730232
USA,United States,2008,81.0,76.0,85.0,65.0,51.0,79.0,55.0,28.0,81.0,76.0,75.0,77.0,85.0,87.0,83.0,69.0,76.0,62.0,93.0,93.0,93.0,94.0,93.0,94.0,92.0,91.0,94.0,-40.09067498458525,30.54837430730232,0.0,30.54837430730232
USA,United States,2009,80.0,76.0,85.0,64.0,50.0,78.0,53.0,26.0,81.0,74.0,74.0,75.0,85.0,87.0,84.0,69.0,75.0,64.0,93.0,93.0,93.0,94.0,93.0,95.0,92.0,90.0,94.0,30.027364750326903,30.54837430730232,0.0,30.54837430730232
USA,United States,2009,80.0,76.0,85.0,64.0,50.0,78.0,53.0,26.0,81.0,74.0,74.0,75.0,85.0,87.0,84.0,69.0,75.0,64.0,93.0,93.0,93.0,94.0,93.0,95.0,92.0,90.0,94.0,30.027364750326903,30.54837430730232,0.0,30.54837430730232
USA,United States,2010,80.0,76.0,84.0,65.0,51.0,78.0,54.0,27.0,80.0,75.0,75.0,76.0,84.0,87.0,81.0,69.0,75.0,64.0,93.0,94.0,92.0,91.0,93.0,88.0,92.0,90.0,94.0,19.764962239377205,30.54837430730232,0.0,30.54837430730232
USA,United States,2010,80.0,76.0,84.0,65.0,51.0,78.0,54.0,27.0,80.0,75.0,75.0,76.0,84.0,87.0,81.0,69.0,75.0,64.0,93.0,94.0,92.0,91.0,93.0,88.0,92.0,90.0,94.0,19.764962239377205,30.54837430730232,0.0,30.54837430730232
USA,United States,2011,81.0,77.0,85.0,65.0,52.0,78.0,55.0,30.0,80.0,75.0,75.0,76.0,86.0,88.0,84.0,70.0,75.0,64.0,93.0,94.0,93.0,94.0,93.0,95.0,92.0,90.0,94.0,2.0441327403352805,30.54837430730232,0.0,30.54837430730232
USA,United States,2011,81.0,77.0,85.0,65.0,52.0,78.0,55.0,30.0,80.0,75.0,75.0,76.0,86.0,88.0,84.0,70.0,75.0,64.0,93.0,94.0,93.0,94.0,93.0,95.0,92.0,90.0,94.0,2.0441327403352805,30.54837430730232,0.0,30.54837430730232
USA,United States,2012,81.0,77.0,85.0,65.0,53.0,78.0,55.0,30.0,80.0,76.0,75.0,76.0,85.0,88.0,82.0,70.0,76.0,64.0,94.0,95.0,93.0,90.0,94.0,87.0,92.0,91.0,94.0,14.149541682858246,30.54837430730232,0.0,30.54837430730232
USA,United States,2012,81.0,77.0,85.0,65.0,53.0,78.0,55.0,30.0,80.0,76.0,75.0,76.0,85.0,88.0,82.0,70.0,76.0,64.0,94.0,95.0,93.0,90.0,94.0,87.0,92.0,91.0,94.0,14.149541682858246,30.54837430730232,0.0,30.54837430730232
USA,United States,2013,81.0,77.0,85.0,65.0,53.0,78.0,55.0,30.0,80.0,76.0,76.0,76.0,86.0,89.0,83.0,71.0,76.0,66.0,94.0,96.0,93.0,92.0,94.0,91.0,92.0,90.0,94.0,18.9892598006822,30.54837430730232,0.0,30.54837430730232
USA,United States,2013,81.0,77.0,85.0,65.0,53.0,78.0,55.0,30.0,80.0,76.0,76.0,76.0,86.0,89.0,83.0,71.0,76.0,66.0,94.0,96.0,93.0,92.0,94.0,91.0,92.0,90.0,94.0,18.9892598006822,30.54837430730232,0.0,30.54837430730232
USA,United States,2014,82.0,78.0,86.0,67.0,53.0,81.0,56.0,30.0,83.0,78.0,77.0,79.0,86.0,89.0,83.0,71.0,77.0,65.0,94.0,96.0,92.0,93.0,94.0,92.0,92.0,91.0,94.0,11.915246916004252,30.54837430730232,0.0,30.54837430730232
USA,United States,2014,82.0,78.0,86.0,67.0,53.0,81.0,56.0,30.0,83.0,78.0,77.0,79.0,86.0,89.0,83.0,71.0,77.0,65.0,94.0,96.0,92.0,93.0,94.0,92.0,92.0,91.0,94.0,11.915246916004252,30.54837430730232,0.0,30.54837430730232
USA,United States,2015,82.0,77.0,86.0,66.0,52.0,80.0,56.0,29.0,82.0,76.0,76.0,77.0,87.0,89.0,84.0,71.0,77.0,66.0,94.0,96.0,92.0,94.0,94.0,94.0,92.0,90.0,94.0,-2.7443746585195883,30.54837430730232,0.0,30.54837430730232
USA,United States,2015,82.0,77.0,86.0,66.0,52.0,80.0,56.0,29.0,82.0,76.0,76.0,77.0,87.0,89.0,84.0,71.0,77.0,66.0,94.0,96.0,92.0,94.0,94.0,94.0,92.0,90.0,94.0,-2.7443746585195883,30.54837430730232,0.0,30.54837430730232
USA,United States,2016,82.0,77.0,87.0,67.0,52.0,82.0,56.0,28.0,84.0,79.0,76.0,81.0,87.0,90.0,84.0,72.0,78.0,66.0,95.0,97.0,94.0,94.0,94.0,94.0,92.0,90.0,94.0,17.45299550571062,30.54837430730232,0.0,30.54837430730232
USA,United States,2016,82.0,77.0,87.0,67.0,52.0,82.0,56.0,28.0,84.0,79.0,76.0,81.0,87.0,90.0,84.0,72.0,78.0,66.0,95.0,97.0,94.0,94.0,94.0,94.0,92.0,90.0,94.0,17.45299550571062,30.54837430730232,0.0,30.54837430730232
USA,United States,2017,82.0,78.0,87.0,68.0,53.0,82.0,56.0,28.0,84.0,80.0,79.0,81.0,87.0,90.0,83.0,72.0,78.0,66.0,95.0,97.0,93.0,93.0,95.0,92.0,92.0,90.0,94.0,23.912728676931994,30.54837430730232,0.0,30.54837430730232
USA,United States,2017,82.0,78.0,87.0,68.0,53.0,82.0,56.0,28.0,84.0,80.0,79.0,81.0,87.0,90.0,83.0,72.0,78.0,66.0,95.0,97.0,93.0,93.0,95.0,92.0,92.0,90.0,94.0,23.912728676931994,30.54837430730232,0.0,30.54837430730232
USA,United States,2018,82.0,78.0,86.0,67.0,53.0,81.0,55.0,28.0,82.0,80.0,79.0,81.0,87.0,90.0,83.0,70.0,78.0,63.0,95.0,97.0,93.0,95.0,95.0,94.0,92.0,90.0,94.0,-4.2393078854455535,30.54837430730232,0.0,30.54837430730232
USA,United States,2018,82.0,78.0,86.0,67.0,53.0,81.0,55.0,28.0,82.0,80.0,79.0,81.0,87.0,90.0,83.0,70.0,78.0,63.0,95.0,97.0,93.0,95.0,95.0,94.0,92.0,90.0,94.0,-4.2393078854455535,30.54837430730232,0.0,30.54837430730232
USA,United States,2019,82.0,78.0,86.0,67.0,54.0,81.0,54.0,28.0,81.0,81.0,80.0,81.0,87.0,90.0,84.0,70.0,78.0,62.0,95.0,97.0,93.0,96.0,95.0,97.0,92.0,90.0,94.0,19.28257091083909,30.54837430730232,0.0,30.54837430730232
USA,United States,2019,82.0,78.0,86.0,67.0,54.0,81.0,54.0,28.0,81.0,81.0,80.0,81.0,87.0,90.0,84.0,70.0,78.0,62.0,95.0,97.0,93.0,96.0,95.0,97.0,92.0,90.0,94.0,19.28257091083909,30.54837430730232,0.0,30.54837430730232
USA,United States,2020,81.0,77.0,85.0,67.0,52.0,81.0,53.0,25.0,82.0,80.0,80.0,81.0,85.0,89.0,81.0,68.0,75.0,60.0,95.0,97.0,94.0,92.0,95.0,88.0,92.0,90.0,94.0,15.15166546789355,30.54837430730232,0.0,30.54837430730232
USA,United States,2020,81.0,77.0,85.0,67.0,52.0,81.0,53.0,25.0,82.0,80.0,80.0,81.0,85.0,89.0,81.0,68.0,75.0,60.0,95.0,97.0,94.0,92.0,95.0,88.0,92.0,90.0,94.0,15.15166546789355,30.54837430730232,0.0,30.54837430730232
